name,singer,singer_id,duration,link
Namore Kothia,Bhupen Hazarika|Anju Devi,/artist/dr-bhupen-hazarika-2|/artist/anju-devi,07:11,https://gaana.com//song/namore-kothia
Jai A Kanu,Khagen Mahanta,/artist/khagen-mahanta,04:41,https://gaana.com//song/jai-a-kanu
Tuamaki Roana,sibcharan das,/artist/sibcharan-das,03:11,https://gaana.com//song/tuamaki-roana
Surat Magan Bhayal Rati,Jayanta Hazarika,/artist/jayanta-hazarika,04:02,https://gaana.com//song/surat-magan-bhayal-rati
Buku Ham Ham Kore,Bhupen Hazarika,/artist/dr-bhupen-hazarika-2,03:23,https://gaana.com//song/buku-ham-ham-kore-1
Bhal Poa Mor,sibcharan das,/artist/sibcharan-das,02:54,https://gaana.com//song/bhal-poa-mor
O Siparar Baandhu,Manna Dey|Bhupen Hazarika,/artist/manna-dey|/artist/dr-bhupen-hazarika-2,05:00,https://gaana.com//song/a-siparar-baandhu
Alfolia Kopou Phool,Dwipen Baruah|Namita Bhattacharya,/artist/dwipen-baruah|/artist/namita-bhattacharya,03:24,https://gaana.com//song/alfolia-kopou-phool
Kapili Kapili,Bhupen Hazarika,/artist/dr-bhupen-hazarika-2,03:15,https://gaana.com//song/kapili-kapili
Gouri Puriya Gavoru Dekhilo,Bhupen Hazarika,/artist/dr-bhupen-hazarika-2,04:18,https://gaana.com//song/gouri-puriya-gavoru-dekhilo
Madarare Phoolo Heno,Bhupen Hazarika,/artist/dr-bhupen-hazarika-2,05:04,https://gaana.com//song/madarare-phoolo-heno
Iyat Rod Olalei Akash,Suez Bardoloi,/artist/suez-bardoloi,03:00,https://gaana.com//song/iyat-rod-olalei-akash
Sharadi Rani Tomar,Bhupen Hazarika,/artist/dr-bhupen-hazarika-2,03:25,https://gaana.com//song/sharadi-rani-tomar
Tumi Prabhu Anathar Nath,Dhanada Pathak|Rameshwar Pathak,/artist/dhanada-pathak|/artist/rameshwar-pathak,03:14,https://gaana.com//song/tumi-prabhu-anathar-nath
Bihu Bihu Lagichhe Gaat,Bhupen Hazarika|Ruby Singha,/artist/dr-bhupen-hazarika-2|/artist/ruby-singha,02:55,https://gaana.com//song/megh-gir-gir-kore
Phulite Keteki,Bibha Barua|Anu Barkakati|Sharat Sharma,/artist/bibha-barua-1|/artist/anu-barkakati-1|/artist/sharat-sharma,04:00,https://gaana.com//song/phulite-keteki
Shankar Guru,Rameshwar Pathak|Dhanada Pathak,/artist/rameshwar-pathak|/artist/dhanada-pathak,03:04,https://gaana.com//song/shankar-guru-1
Radha Chalilora,Snehalata Das,/artist/snehalata-das,03:04,https://gaana.com//song/radha-chalilora
Tomar Buba,sibcharan das,/artist/sibcharan-das,02:53,https://gaana.com//song/tomar-buba
Jon Bai E Beji Eti Dia,Jiten Deka|Nirmali Das,/artist/jiten-deka|/artist/nirmali-das,03:39,https://gaana.com//song/jon-bai-e-beji-eti-dia
Aahaaho Mahaho,Bhupen Hazarika,/artist/dr-bhupen-hazarika-2,02:11,https://gaana.com//song/aahaaho-mahaho
Aami Pani Ona Ghat,Bhupen Hazarika,/artist/dr-bhupen-hazarika-2,05:25,https://gaana.com//song/aami-pani-ona-ghat
Ou Kumalia,Khagen Mahanta,/artist/khagen-mahanta,03:07,https://gaana.com//song/ou-kumalia
Oi Babitoi Dhulia,Bhupen Hazarika,/artist/dr-bhupen-hazarika-2,05:56,https://gaana.com//song/oi-babitoi-dhulia
Joa Beli Bohagat,Lokeswar Deka,/artist/lokeswar-deka,04:03,https://gaana.com//song/joa-beli-bohagat
Ai Saraswati A,Bhupen Hazarika|Bandana Boraha,/artist/dr-bhupen-hazarika-2|/artist/bandana-boraha,05:33,https://gaana.com//song/ai-saraswati-a
Nai Hoya Sesh,Dwipen Baruah|Namita Bhattacharya,/artist/dwipen-baruah|/artist/namita-bhattacharya,03:09,https://gaana.com//song/nai-hoya-sesh
Moi Geet Rachina,sibcharan das,/artist/sibcharan-das,03:21,https://gaana.com//song/moi-geet-rachina
Loke Boley,Dhanada Pathak|Rameshwar Pathak,/artist/dhanada-pathak|/artist/rameshwar-pathak,03:55,https://gaana.com//song/loke-boley
Jai Srimanta Shankara,Rameshwar Pathak,/artist/rameshwar-pathak,02:56,https://gaana.com//song/jai-srimanta-shankara
A Aaji Beular Biya,Dhanada Pathak|Rameshwar Pathak,/artist/dhanada-pathak|/artist/rameshwar-pathak,02:54,https://gaana.com//song/a-aaji-beular-biya
Bihu Anandia,Bhupen Hazarika,/artist/dr-bhupen-hazarika-2,05:01,https://gaana.com//song/bihu-anandia-1
Aaji Akashar,Bhupen Hazarika,/artist/dr-bhupen-hazarika-2,02:31,https://gaana.com//song/aji-akashb
Kala Chola Kuruta,Khagen Mahanta|Chorus,/artist/khagen-mahanta|/artist/chorus,03:16,https://gaana.com//song/kala-chola-kuruta
Aaji Akashar,Bhupen Hazarika,/artist/dr-bhupen-hazarika-2,03:48,https://gaana.com//song/kooli-katakiya
Murat Dadhire Boja,Anima Choudhury|Rameshwar Pathak|Bharati Choudhury,/artist/anima-choudhury|/artist/rameshwar-pathak|/artist/bharati-choudhury-1,05:05,https://gaana.com//song/murat-dadhire-roja
Jhiri Jhiri Botaha Jakar,Mridula Das Dewan,/artist/mridula-das-dewan,03:04,https://gaana.com//song/jhiri-jhiri-botaha-jakar
Sakala Tengati,Archana Mahanta|Khagen Mahanta,/artist/archana-mahanta|/artist/khagen-mahanta,06:13,https://gaana.com//song/sakala-tengati-1
Dinor Pohar Rangchangia,Manna Dey,/artist/manna-dey,03:28,https://gaana.com//song/dinor-pohar-rangchangia
Shuni Ki Nushuni O,Anima Choudhury,/artist/anima-choudhury,03:01,https://gaana.com//song/shuni-ki-nushuni-o
Thuriai Katilo,Khagen Mahanta|Archana Mahanta,/artist/khagen-mahanta|/artist/archana-mahanta,02:47,https://gaana.com//song/thuriai-katilo
Hatote Cherenda Loi,Dhanada Pathak|Rameshwar Pathak,/artist/dhanada-pathak|/artist/rameshwar-pathak,02:04,https://gaana.com//song/hatote-cherenda-loi
Bon Phuler,sibcharan das,/artist/sibcharan-das,03:02,https://gaana.com//song/bon-phuler
Karnat Kundal Tomar,Rameshwar Pathak|Dhanada Pathak,/artist/rameshwar-pathak|/artist/dhanada-pathak,03:18,https://gaana.com//song/kanat-kundal-tomar
Aaji O Mon Mor,Suez Bordoloi,/artist/suez-bordoloi,03:19,https://gaana.com//song/aaji-o-mon-mor
Dneoe Di Sarile,Sharat Sharma|Shiv Prasad Nath,/artist/sharat-sharma|/artist/shiv-prasad-nath,04:57,https://gaana.com//song/dneoe-di-sarile
Magilo Biday,Dhanada Pathak|Rameshwar Pathak,/artist/dhanada-pathak|/artist/rameshwar-pathak,05:18,https://gaana.com//song/magilo-biday
O Kaloi Sanchili Dhar,Naren Das,/artist/naren-das,03:22,https://gaana.com//song/o-kaloi-sanchili-dhar
Aa Thunuka Kanchghar,Bhupen Hazarika,/artist/dr-bhupen-hazarika-2,05:09,https://gaana.com//song/aa-thunuka-kanchghar
Moke Gutene,sibcharan das,/artist/sibcharan-das,03:02,https://gaana.com//song/moke-gutene
Halaloi Likhile,Namita Bhattacharya|Dwipen Baruah,/artist/namita-bhattacharya|/artist/dwipen-baruah,02:48,https://gaana.com//song/halaloi-likhile-2
Natun Natun Sah,Bhupen Hazarika,/artist/dr-bhupen-hazarika-2,04:27,https://gaana.com//song/natun-natun-sah
A Phool Pah Halichha Jalichha,Archana Mahanta,/artist/archana-mahanta,03:58,https://gaana.com//song/a-phool-pah-halichha-jalichha
Ohe Ki Diya Pujim,Rameshwar Pathak,/artist/rameshwar-pathak,03:18,https://gaana.com//song/ohe-ki-diya-pujim
Moyna Kon Bidhatai,Renu Barua|Dwipen Baruah,/artist/renu-barua|/artist/dwipen-baruah,03:16,https://gaana.com//song/moyna-kon-bidhatai-1
Ki Naam Di Matim,Nirmal Mishra|Dwipen Baruah,/artist/nirmal-mishra|/artist/dwipen-baruah,03:03,https://gaana.com//song/ki-naam-di-matim
Sandur Sandur Phota,Bhupen Hazarika,/artist/dr-bhupen-hazarika-2,03:44,https://gaana.com//song/sandur-sandur-phota
Jibon Joba Khatia,Bhupen Hazarika,/artist/dr-bhupen-hazarika-2,03:04,https://gaana.com//song/jibon-joba-khatia
Sokala Tengati,Bhupen Hazarika,/artist/dr-bhupen-hazarika-2,06:36,https://gaana.com//song/sokala-tengati
Suban Siri Nadi,Kalpana Bhuyan|Nibha Deka|Nomi Gayan,/artist/kalpana-bhuyan|/artist/nibha-deka|/artist/nomi-gayan,05:28,https://gaana.com//song/suban-siri-nadi
Eijani Nachani Koneno Srogile,dasarath das,/artist/dasarath-das,06:29,https://gaana.com//song/eijani-nachani-koneno-srogile
Aparoopa Aparoopa,Usha Mangeshkar,/artist/usha-mangeshkar-2,03:54,https://gaana.com//song/aparoopa-aparoopa
Buku Ham Ham Kore,Bhupen Hazarika,/artist/dr-bhupen-hazarika-2,03:23,https://gaana.com//song/buku-ham-ham-kore
Bihu Anandia,Bhupen Hazarika,/artist/dr-bhupen-hazarika-2,05:01,https://gaana.com//song/bihu-anandia
He He Dole Dagore,Bhupen Hazarika,/artist/dr-bhupen-hazarika-2,02:46,https://gaana.com//song/he-he-dole-dagore
Al Folia Kopou Phool,Namita Bhattacharya|Dwipen Baruah,/artist/namita-bhattacharya|/artist/dwipen-baruah,03:23,https://gaana.com//song/al-folia-kopou-phool
Lahoti Khopate Kinu Phool Pindhili,Kalpana Bordoloi,/artist/kalpana-bordoloi,03:01,https://gaana.com//song/lahoti-khopate-kinu-phool-pindhili
Shile Shile Theka Khale,Aarti Mukherji,/artist/aarti-mukherji,03:15,https://gaana.com//song/sile-sile-theka-khale
Dur Kata Dur,Rituparna Sharma,/artist/rituparna-sharma,03:42,https://gaana.com//song/dur-kata-dur
Bihu Geet,Ila Kakoti|Krishna Das|Moni Baruah|Kabita Hazarika|Sudakshina Sharma|Bharati Das,/artist/ila-kakoti|/artist/krishna-das|/artist/moni-baruah|/artist/kabita-hazarika|/artist/sudakshina-sharma|/artist/bharati-das,01:48,https://gaana.com//song/bihu-geet
Eikhani Gaaon Bukur Aapon,Dwipen Baruah,/artist/dwipen-baruah,03:37,https://gaana.com//song/eikhani-gaaon-bukur-aapon
Phulile Naharar Phul,Aju Barkakati|Lakshmi Bordoloi|Nirmal Kalita|Sarifuddin Ahmed|Sibanath|Bibha Barua|Sharat Sharma,/artist/aju-barkakati|/artist/lakshmi-bordoloi|/artist/nirmal-kalita|/artist/sarifuddin-ahmed|/artist/sibanath|/artist/bibha-barua-1|/artist/sharat-sharma,05:37,https://gaana.com//song/phulile-naharar-phul
Kaak Bulilo,Runjun Phukan|Dwipen Baruah,/artist/runjun-phukan-1|/artist/dwipen-baruah,03:11,https://gaana.com//song/kaak-bulilo-1
Naira Par Hole,Lokeswar Deka,/artist/lokeswar-deka,06:02,https://gaana.com//song/naira-par-hole
Aakaashee Gangaa,Bhupen Hazarika,/artist/dr-bhupen-hazarika-2,03:24,https://gaana.com//song/aakaashee-gangaa
Tomar Ganat Apon Pahara,Manisha Hazarika,/artist/manisha-hazarika,03:01,https://gaana.com//song/tomar-ganat-apon-pahara
Nahar Phula Batara Tey Mor,Dolly Ghosh,/artist/dolly-ghosh,03:24,https://gaana.com//song/nahar-phula-batara-tey-mor
Tumi Je Morkalpanaare,Bhupen Hazarika,/artist/dr-bhupen-hazarika-2,02:52,https://gaana.com//song/tumi-je-morkalpanaare
O Aji Bihu Bihu,Mahananda Majinder Barua,/artist/mahananda-majinder-barua,03:35,https://gaana.com//song/o-aji-bihu-bihu-2
Mon Aaji Uri Guchi Jai,Namita Bhattacharya,/artist/namita-bhattacharya,03:26,https://gaana.com//song/mon-aaji-uri-guchi-jai
O Deha Bihua,Anima Choudhury,/artist/anima-choudhury,03:24,https://gaana.com//song/o-deha-bihua
Atoi Obuj Mon,Bhupen Hazarika,/artist/dr-bhupen-hazarika-2,03:53,https://gaana.com//song/a-toi-obuj-mon
Tejore Kamalapati - Borgeet,Khagen Mahanta,/artist/khagen-mahanta,05:36,https://gaana.com//song/tejore-kamalapati-borgeet
Aami Pani Ana Ghat,Khagen Phukan|Nikunjalata Mahanta|Prahlad Bora|Ranima Devi|Maheshwar Barua,/artist/khagen-phukan|/artist/nikunjalata-mahanta|/artist/prahlad-bora|/artist/ranima-devi|/artist/maheshwar-barua-2,06:26,https://gaana.com//song/aami-pani-ana-ghat
Paar Hoi Gale,Dwipen Baruah,/artist/dwipen-baruah,04:56,https://gaana.com//song/paar-hoi-gale
Dolani Lagiche,Mridula Das Dewan,/artist/mridula-das-dewan,03:05,https://gaana.com//song/dolani-lagiche
Arey Orey More Bhaber Deora,Pranita Barman,/artist/pranita-barman,02:53,https://gaana.com//song/arey-orey-more-bhaber-deora
Enaka Nokba Jaoga Buli,Anima Choudhury,/artist/anima-choudhury,02:55,https://gaana.com//song/enaka-nokba-jaoga-buli
Hanhi Hoi Parimgoi,Dwipen Baruah|Namita Bhattacharya,/artist/dwipen-baruah|/artist/namita-bhattacharya,02:49,https://gaana.com//song/hanhi-hoi-parimgoi
Moyna Kon Bidhatai,Dwipen Baruah|Renu Barua,/artist/dwipen-baruah|/artist/renu-barua,03:16,https://gaana.com//song/moyna-kon-bidhatai
Mora Sindhu Kandhe Loia,Rameshwar Pathak,/artist/rameshwar-pathak,03:13,https://gaana.com//song/mora-sindhu-kandhe-loia
Rambha Menaka Kingba Juthika,Jayanta Hazarika|Kula Baruwa,/artist/jayanta-hazarika|/artist/kula-baruwa,03:11,https://gaana.com//song/rambha-menaka-kingba-juthika
Kino Pokhiya,Bhupen Hazarika,/artist/dr-bhupen-hazarika-2,03:02,https://gaana.com//song/kino-pokhiya
Maati Phuti Olaale,Namita Bhattacharya|Dwipen Baruah,/artist/namita-bhattacharya|/artist/dwipen-baruah,03:57,https://gaana.com//song/maati-phuti-olaale-2
Ram Ram Pari Tulibaloi,Kalpana Bhuyan|Nibha Deka|Nomi Gayan,/artist/kalpana-bhuyan|/artist/nibha-deka|/artist/nomi-gayan,04:59,https://gaana.com//song/ram-ram-pari-tulibaloi
Aoi Aoi Akash Shuba,Suman Kalyanpur,/artist/suman-kalyanpur,03:11,https://gaana.com//song/aoi-aoi-akash-shuba
Palasar Rang Palasar Rang,Bhupen Hazarika|Usha Mangeshkar,/artist/dr-bhupen-hazarika-2|/artist/usha-mangeshkar-2,04:17,https://gaana.com//song/palasar-rang-palasar-rang
Sonali A Sonali,Dipen Baruah,/artist/dipen-baruah,03:04,https://gaana.com//song/sonali-a-sonali
Sendur Sendur,Satya Baruah,/artist/satya-baruah,03:26,https://gaana.com//song/sendur-sendur-1
Saikel Khon Salaotey,Dwipen Baruah|Namita Bhattacharya,/artist/dwipen-baruah|/artist/namita-bhattacharya,03:36,https://gaana.com//song/saikel-khon-salaotey
Kirili Suniba,Bhupen Hazarika,/artist/dr-bhupen-hazarika-2,05:29,https://gaana.com//song/kirili-suniba
Sudhichha Tomaloi,Dwipen Baruah|Namita Bhattacharya,/artist/dwipen-baruah|/artist/namita-bhattacharya,03:04,https://gaana.com//song/sudhichha-tomaloi
Liyeng Makao,Talat Mahmood|Bhupen Hazarika,/artist/talat-mahmood|/artist/dr-bhupen-hazarika-2,03:22,https://gaana.com//song/liyeng-makao
Ei Dhuniya Godhuli Lagan,Asha Bhosle,/artist/asha-bhosle-1,02:05,https://gaana.com//song/ei-dhuniya-godhuli-lagan
Betha Kiyo Lagai Gali,Anima Choudhury,/artist/anima-choudhury,03:16,https://gaana.com//song/betha-kiyo-lagai-gali
Phool Phool Phool,Nirmal Mishra|Renu Barua|Dwipen Baruah,/artist/nirmal-mishra|/artist/renu-barua|/artist/dwipen-baruah,03:13,https://gaana.com//song/phool-phool-phool
Pakkhiraj Ghora,Asha Bhosle|Kishore Kumar|Bhupen Hazarika,/artist/asha-bhosle-1|/artist/kishore-kumar|/artist/dr-bhupen-hazarika-2,06:48,https://gaana.com//song/pakkhiraj-ghora
Laijar Bhangilu,Dhanada Pathak,/artist/dhanada-pathak,02:59,https://gaana.com//song/laijar-bhangilu
Hiar Maram Mukuta Hoi,Ina Mukherjee|Ridip Dutta,/artist/ina-mukherjee|/artist/ridip-dutta,04:43,https://gaana.com//song/hiar-maram-mukuta-hoi
Rang Rang Nana Rang,Bhupinder Singh|Krishna|Utpala|Asomi|Arindam|Nirupama|Mrinalini Dutta Chowdhury|Munin,/artist/bhupinder-singh|/artist/krishna|/artist/utpala|/artist/asomi|/artist/arindam|/artist/nirupama|/artist/mrinalini-dutta-chowdhury-1|/artist/munin,04:42,https://gaana.com//song/rang-rang-nana-rang
Moynajan Moynajan,Bhupen Hazarika,/artist/dr-bhupen-hazarika-2,03:54,https://gaana.com//song/moynajan-moynajan
Natun Nimati Niyarare Nisha,Bhupen Hazarika,/artist/dr-bhupen-hazarika-2,02:57,https://gaana.com//song/natun-nimati-niyarare-nisha
Daley Pari Mayura,Dhanada Pathak|Rameshwar Pathak,/artist/dhanada-pathak|/artist/rameshwar-pathak,02:45,https://gaana.com//song/dale-pari-mayur
O Bihua Kai,Kumari Dharitri|Lakshmi Bordoloi|Siba Prasad Nath,/artist/kumari-dharitri|/artist/lakshmi-bordoloi|/artist/siba-prasad-nath,03:23,https://gaana.com//song/o-bihua-kai
O Bapa Harakanta,Nagen Barman,/artist/nagen-barman,03:49,https://gaana.com//song/o-bapa-harakanta
Ali Dhaki Para Saliki,Namita Bhattacharya,/artist/namita-bhattacharya,03:54,https://gaana.com//song/ali-dhaki-para-saliki
Banda Debnarayan,Rameshwar Pathak,/artist/rameshwar-pathak,05:36,https://gaana.com//song/banda-debnarayan
Moi Aji Sangibihin,Pulak Banerjee,/artist/pulak-banerjee-1,03:57,https://gaana.com//song/moi-aji-sangibihin
Tomar Hatera Roba,Anima Choudhury,/artist/anima-choudhury,03:23,https://gaana.com//song/tomar-hatera-roba
Tulashir Tole Tole,Nirmal Mishra,/artist/nirmal-mishra,03:14,https://gaana.com//song/tulashir-tole-tole
Hridya Na Hoy,Jiten Deka,/artist/jiten-deka,03:22,https://gaana.com//song/hridya-na-hoy
Chokhur Pahit,Anima Choudhury,/artist/anima-choudhury,03:13,https://gaana.com//song/chokhur-pahit
Korobar Du Nayan,Kula Barua,/artist/kula-barua,02:59,https://gaana.com//song/korobar-du-nayan
Tejore Kamalapati,Bhupen Hazarika,/artist/dr-bhupen-hazarika-2,03:23,https://gaana.com//song/tejore-kamalapati
Oto Dukhe Mor Prabhu,Naren Das,/artist/naren-das,04:17,https://gaana.com//song/oto-dukhe-mor-prabhu
Ei Akash Baro Bishal,Jayanta Hazarika,/artist/jayanta-hazarika,03:07,https://gaana.com//song/ei-akash-baro-bishal
A Mynajan,Dwipen Baruah|Debjani Barua,/artist/dwipen-baruah|/artist/debjani-barua,03:03,https://gaana.com//song/a-mynajan
Natun Tomar Charandhani Sonma,Parveen Sultana,/artist/parveen-sultana,03:09,https://gaana.com//song/natun-tomar-charandhani-sonma
A Aaji Beular Biya,Dhanada Pathak,/artist/dhanada-pathak,03:07,https://gaana.com//song/tapan-udita-bhoila-narayan
Ki Khil Khil Khil Khil,Nirmal Mishra,/artist/nirmal-mishra,03:58,https://gaana.com//song/ki-khil-khil-khil-khil
Duiroir Bahiti Bagi Thak,Dolly Ghosh,/artist/dolly-ghosh,03:07,https://gaana.com//song/duiroir-bahiti-bagi-thak
O Sham Kaliyara,Pranita Barman,/artist/pranita-barman,03:23,https://gaana.com//song/o-sham-kaliyara
Jal Anibake Jnao,Dhanada Pathak,/artist/dhanada-pathak,03:06,https://gaana.com//song/jal-anibake-jnao
Seujaya,Biman|Chorus,/artist/biman-8|/artist/chorus,04:42,https://gaana.com//song/seujaya
Dheu Tuli Nachile,Dwipen Baruah|Runjun Phukan,/artist/dwipen-baruah|/artist/runjun-phukan-1,03:37,https://gaana.com//song/dheu-tuli-nachile
Aaji Toi Jodi,Dipen Baruah,/artist/dipen-baruah,03:15,https://gaana.com//song/aaji-toi-jodi
O Raghupati,Kalpana Bhuyan|Nibha Deka|Siba Prasad Nath|Nomi Gayan,/artist/kalpana-bhuyan|/artist/nibha-deka|/artist/siba-prasad-nath|/artist/nomi-gayan,04:56,https://gaana.com//song/o-raghupati
Dhansiri Parehoi,Khagen Mahanta,/artist/khagen-mahanta,03:08,https://gaana.com//song/dhansiri-parehoi
Moina Kon Bidhatai,Wahidur Rahman,/artist/wahidur-rahman,03:14,https://gaana.com//song/moina-kon-bidhatai
Biyanaam,Ila Kakoti|Krishna Das|Moni Baruah|Kabita Hazarika|Sudakshina Sharma|Bharati Das,/artist/ila-kakoti|/artist/krishna-das|/artist/moni-baruah|/artist/kabita-hazarika|/artist/sudakshina-sharma-1|/artist/bharati-das-1,02:11,https://gaana.com//song/biyanaam
Ei Shankar Madhab,Rameswar Pathak,/artist/rameswar-pathak,02:55,https://gaana.com//song/ei-shankar-madhab
Sou Meghar Cha,Namita Bhattacharya,/artist/namita-bhattacharya,03:16,https://gaana.com//song/sou-meghar-cha
Agalati Kalapat Lare Ki Chare,Jayanta Hazarika,/artist/jayanta-hazarika,03:11,https://gaana.com//song/agalati-kalapata-lare-ki-chare
Tumi Pradip Hoan,Dilip Sharma|Anima Chowdhury,/artist/dilip-sharma|/artist/anima-chowdhury-1,03:33,https://gaana.com//song/tumi-pradip-hoan
Jibontu Hol,Ridip Dutta,/artist/ridip-dutta,05:26,https://gaana.com//song/jibontu-hol
Tumi Kon Pepare Furate,Jayanta Hazarika|Bhupen Hazarika,/artist/jayanta-hazarika|/artist/dr-bhupen-hazarika-2,03:13,https://gaana.com//song/tumi-kon-pepare-furate
Thuriai Katilo,Digen Mahanta,/artist/digen-mahanta,03:02,https://gaana.com//song/thuriai-katilo-1
Maram Logai Logai,Lokeswar Deka|Others,/artist/lokeswar-deka|/artist/others,06:19,https://gaana.com//song/maram-logai-logai
Kino Maramar,Namita Bhattacharya,/artist/namita-bhattacharya,02:53,https://gaana.com//song/kino-mashmash
Phale Phule Bhara,Anima Choudhury,/artist/anima-choudhury,03:02,https://gaana.com//song/phale-phule-bhara
Ki Naam Di Matim Dr Bezbaruah,Nirmal Mishra,/artist/nirmal-mishra,03:33,https://gaana.com//song/ki-naam-di-matim-dr-bezbaruah
O Moy Kino Karo,Nilima Khatoon,/artist/nilima-khatoon,03:25,https://gaana.com//song/o-moy-kino-karo
Kola Chola Kuruta,Anima Bhattacharya|Khagen Mahanta|Nikunjalata Mahanta|Ridib Dutta|Archana Mahanta|Nalini Chowdhury,/artist/anima-bhattacharya|/artist/khagen-mahanta|/artist/nikunjalata-mahanta|/artist/ridib-dutta|/artist/archana-mahanta|/artist/nalini-chowdhury,03:13,https://gaana.com//song/kola-chola-kuruta
Nai Hoya Sesh - Duet,Namita Bhattacharya|Dwipen Baruah,/artist/namita-bhattacharya|/artist/dwipen-baruah,03:05,https://gaana.com//song/nai-hoya-sesh-1
Asha Mor Habaloi,Dwipen Baruah,/artist/dwipen-baruah,03:58,https://gaana.com//song/asha-mor-habaloi
Na Kanda Na Kanda,Rameshwar Pathak,/artist/rameshwar-pathak,03:15,https://gaana.com//song/na-kanda-na-kanda
Silonor Monalisa,Bhupen Hazarika|Jayanta Hazarika,/artist/dr-bhupen-hazarika-2|/artist/jayanta-hazarika,03:18,https://gaana.com//song/silonor-monalisa
Turen Changar,Jiten Deka,/artist/jiten-deka,03:09,https://gaana.com//song/turen-changar
Cholila Shankar Sarba Gunakar,Anima Das|Naren Das,/artist/anima-das|/artist/naren-das,03:02,https://gaana.com//song/cholila-shankar-sarba-gunakar
Rupahi Kabane,Archana Mahanta,/artist/archana-mahanta,02:22,https://gaana.com//song/rupahi-kabane
Ai O Sipini,Khagen Mahanta|Archana Mahanta,/artist/khagen-mahanta|/artist/archana-mahanta,05:46,https://gaana.com//song/ai-o-sipini
Kona Batenu Pohara,Rituparna Sharma,/artist/rituparna-sharma,02:53,https://gaana.com//song/kona-batenu-pohara
Pitati Oi Pitati Fagooni,Jayanta Hazarika,/artist/jayanta-hazarika,03:05,https://gaana.com//song/pitati-oi-pitati-fagooni
Asam Deshor Bagichare,Bhupen Hazarika|Usha Mangeshkar,/artist/dr-bhupen-hazarika-2|/artist/usha-mangeshkar-2,04:57,https://gaana.com//song/asam-deshor-bagichare
Senai Mor O Manprajapati,Bhupen Hazarika|Usha Mangeshkar,/artist/dr-bhupen-hazarika-2|/artist/usha-mangeshkar-2,03:41,https://gaana.com//song/senai-mor-o-manprajapati
Bonjui Bontahe Jwale,Anju Devi|Bhupen Hazarika,/artist/anju-devi|/artist/dr-bhupen-hazarika-2,07:29,https://gaana.com//song/bonjui-bontahe-jwale
Sharatare Tumi Jon Jeno,Jayanta Hazarika,/artist/jayanta-hazarika,03:02,https://gaana.com//song/sharatare-tumi-jon-jeno
Ai Tai Bahagate,Samar Hazarika,/artist/samar-hazarika,02:48,https://gaana.com//song/ai-tai-bahagate
Radhar Aoasher Majhey,Pranita Barman,/artist/pranita-barman,02:26,https://gaana.com//song/radhar-aoasher-majhey
O Pran Krishna O,Naren Das|Anima Das,/artist/naren-das|/artist/anima-das,02:55,https://gaana.com//song/o-pran-krishna-o
Kelei Shok Karan,Digen Mohanta,/artist/digen-mohanta,03:04,https://gaana.com//song/kelei-shok-karan
Maram Buji,Bipul|Chorus,/artist/bipul|/artist/chorus,05:52,https://gaana.com//song/maram-buji
Nahibi A Sowarani,Manisha Hazarika,/artist/manisha-hazarika,02:59,https://gaana.com//song/nahibi-a-sowarani
Aay Bihu Re Uruka Nisa,Dolly Ghosh,/artist/dolly-ghosh,03:12,https://gaana.com//song/aay-bihu-re-uruka-nisa
Thuriai Katilo,Lokeswar Deka|Others,/artist/lokeswar-deka|/artist/others,05:54,https://gaana.com//song/thuriai-katilo-2
O Mor Sadhure Sadhu,Rameshwar Pathak,/artist/rameshwar-pathak,04:14,https://gaana.com//song/o-mor-sadhure-sadhu
Aamare Moina,Malabika Bora|Samar Hazarika,/artist/malabika-bora|/artist/samar-hazarika,03:03,https://gaana.com//song/aamare-moina
Pitaiti Ei Bhalo Kabili,Jayanta Hazarika|Malabika Bora,/artist/jayanta-hazarika|/artist/malabika-bora,03:03,https://gaana.com//song/pitaiti-a-pitaiti
A Aaji Beular Biya,Rameshwar Pathak,/artist/rameshwar-pathak,02:55,https://gaana.com//song/ram-chalilore
Moi Aahichhon - Bhupen Hazarika,Bhupen Hazarika,/artist/dr-bhupen-hazarika-2,03:36,https://gaana.com//song/moi-aahichhon
Mrityu Savoti Samadhi,Jayanta Hazarika,/artist/jayanta-hazarika,04:32,https://gaana.com//song/mrityu-savoti-samadhi
Aay Bihu Re Uruka Nisa,Dolly Ghosh,/artist/dolly-ghosh,03:24,https://gaana.com//song/aay-bihu-re-uruka-nisa-1
Disco Sangeet Amare,Nagen Barman,/artist/nagen-barman,03:17,https://gaana.com//song/disco-sangeet-amare
Aghunare Pathare Aai,Aju Barkakati|Lakshmi Bordoloi|Nirmal Kalita|Sarifuddin Ahmed|Sibanath|Bibha Barua|Sharat Sharma,/artist/aju-barkakati|/artist/lakshmi-bordoloi|/artist/nirmal-kalita|/artist/sarifuddin-ahmed|/artist/sibanath|/artist/bibha-barua-1|/artist/sharat-sharma,05:51,https://gaana.com//song/aghunare-pathare-aai-1
Dehi Oi Kalija,Dwipen Baruah,/artist/dwipen-baruah,03:28,https://gaana.com//song/dehi-oi-kalija
Pran Krishna Mor,Snehalata Das,/artist/snehalata-das,02:56,https://gaana.com//song/pran-krishna-mor
Tomar Kapalote,Malabika Bora|Samar Hazarika,/artist/malabika-bora|/artist/samar-hazarika,03:06,https://gaana.com//song/tomar-kapalote
Bihu Bihu Lagichhe Gaat,Bhupen Hazarika|Ruby Singha,/artist/dr-bhupen-hazarika-2|/artist/ruby-singha,02:46,https://gaana.com//song/bihu-bihu-lagichhe-gaat
Phagun Ahi,Dwipen Baruah,/artist/dwipen-baruah,03:26,https://gaana.com//song/phagun-ahi
Dehei Jauban Matir,Malabika Bora|Mahananda Majinder Barua,/artist/malabika-bora|/artist/mahananda-majinder-barua,03:21,https://gaana.com//song/dehei-jauban-matir
Khodhura Re Mungate,Kalpana Bordoloi,/artist/kalpana-bordoloi,03:17,https://gaana.com//song/khodhura-re-mungate
Laj Laj,Namita Bhattacharya|Dwipen Barua,/artist/namita-bhattacharya|/artist/dwipen-barua-4,02:42,https://gaana.com//song/laj-lai
Aaroi Dhan Lochia,Anju Devi|Bhupen Hazarika|Indira Chowdhury,/artist/anju-devi|/artist/dr-bhupen-hazarika-2|/artist/indira-chowdhury-1,03:04,https://gaana.com//song/aaroi-dhan-lochia
Chinaki Chinaki - Usha Mangeshkar,Usha Mangeshkar,/artist/usha-mangeshkar-2,03:27,https://gaana.com//song/chinaki-chinaki
Dada Balai A,Rameshwar Pathak,/artist/rameshwar-pathak,03:08,https://gaana.com//song/dada-balai-a
Deha Kola Hole,Khagen Mahanta,/artist/khagen-mahanta,03:02,https://gaana.com//song/deha-kola-hole
Suorani Kuwaliya,Jayanta Hazarika,/artist/jayanta-hazarika,03:28,https://gaana.com//song/suorani-kuwaliya
Dekha Nai,Jayanta Hazarika,/artist/jayanta-hazarika,03:04,https://gaana.com//song/dekha-nai
Bhatiai Jaota,Dhanada Pathak|Rameshwar Pathak,/artist/dhanada-pathak|/artist/rameshwar-pathak,02:44,https://gaana.com//song/bhatiai-jaonte
Rhega Dibo Lega Jodi,Dolly Ghosh,/artist/dolly-ghosh,03:34,https://gaana.com//song/rhega-dibo-lega-jodi
Baikunthe Chaloy Guru,Dhanada Pathak|Rameshwar Pathak,/artist/dhanada-pathak|/artist/rameshwar-pathak,03:21,https://gaana.com//song/baikunthe-chaloy-guru
Jibonor Rangror,Malabika Bora|Samar Hazarika,/artist/malabika-bora|/artist/samar-hazarika,04:22,https://gaana.com//song/jibonor-rangror
Mor Shona Saragara,Dwipen Baruah,/artist/dwipen-baruah,03:42,https://gaana.com//song/mor-shona-saragara
Nahor Phoole,Namita Goswami|Samar Hazarika,/artist/namita-goswami|/artist/samar-hazarika,02:21,https://gaana.com//song/nahor-phoole
Balukate Sharalire Chhan,Manisha Hazarika,/artist/manisha-hazarika,03:16,https://gaana.com//song/balukate-sharalire-chhan
Moi Eti Mukali Pakhi,Arun Das,/artist/arun-das,03:09,https://gaana.com//song/moi-eti-mukali-pakhi
Arey Khulosali,Kalpana Bhuiya|Dijen Kakati,/artist/kalpana-bhuiya|/artist/dijen-kakati-7,03:07,https://gaana.com//song/arey-khulosali
Lehiri Bonore,Malabika Bora|Samar Hazarika,/artist/malabika-bora|/artist/samar-hazarika,04:17,https://gaana.com//song/lehiri-bonbai
A Aaji Beular Biya,Rameshwar Pathak|Dhanada Pathak,/artist/rameshwar-pathak|/artist/dhanada-pathak,03:07,https://gaana.com//song/doul-chari-jai
Bramhaputrar Balire,Khagen Mahanta|Nikunjalata Mahanta|Archana Mahanta,/artist/khagen-mahanta|/artist/nikunjalata-mahanta|/artist/archana-mahanta,03:25,https://gaana.com//song/bramhaputrar-balire
Jeevan Gharir Pratita Pol Kanchghar,Suman Kalyanpur,/artist/suman-kalyanpur,04:07,https://gaana.com//song/jeevan-gharir-pratita-pol-kanchghar
Tare Nare,Dwipen Baruah|Jayanta,/artist/dwipen-baruah|/artist/jayanta,02:29,https://gaana.com//song/tare-nare
A Aaji Beular Biya,Rameshwar Pathak,/artist/rameshwar-pathak,03:03,https://gaana.com//song/karili-ki-karili
A Mayabhara,Khagen Mahanta,/artist/khagen-mahanta,03:23,https://gaana.com//song/a-mayabhara
Baihagar Mahte Sitaru,Naren Das,/artist/naren-das,05:22,https://gaana.com//song/baihagar-mahte-sitaru
Sham Kanu Duraihai Najaba,Usha Mangeshkar,/artist/usha-mangeshkar-2,03:08,https://gaana.com//song/sham-kanu-duraihai-najaba
Pani Pai Badile,Dijen Kakati|Siba Prasad Nath|Kalpana Bhuiya|Nibha Deka|Nomi Gayan,/artist/dijen-kakati-4|/artist/siba-prasad-nath|/artist/kalpana-bhuiya|/artist/nibha-deka|/artist/nomi-gayan,05:25,https://gaana.com//song/pani-pai-badile
Rang Rang Rang Bhara,Mitali Choudhury|Dwipen Barua,/artist/mitali-choudhry|/artist/dwipen-barua-6,03:37,https://gaana.com//song/rang-rang-rang-bhara
Lagarta Mor Banare Banaphool,Anima Choudhury,/artist/anima-choudhury,02:47,https://gaana.com//song/lagarta-mor-banare-banaphool
Husara,Unknown,/artist/unknown,03:06,https://gaana.com//song/husara
Phagune Phul Phalale,Samar Hazarika,/artist/samar-hazarika,03:17,https://gaana.com//song/phagune-phul-phalale
Ma O Ma,Aarti Mukherji,/artist/aarti-mukherji,03:04,https://gaana.com//song/ma-o-ma-1
Dari O Nukhurao,Nagen Barman,/artist/nagen-barman,04:08,https://gaana.com//song/dari-o-nukhurao
Luitar Sontot Likha,Jayanta Hazarika,/artist/jayanta-hazarika,03:05,https://gaana.com//song/luitar-sontot-likha
Bihu Ahil Buli,Nagen Barman,/artist/nagen-barman,02:52,https://gaana.com//song/bihu-ahil-buli
Bhoy Nai Bhoy Nai,Rituparna Sharma,/artist/rituparna-sharma,03:14,https://gaana.com//song/bhoy-nai-bhoy-nai
Aha Son Aha,Indrani Ganguly|Ridip Dutta,/artist/indrani-ganguly|/artist/ridip-dutta,03:01,https://gaana.com//song/anha-chona-anha
Naraon Janom Lovilo - Traditional,Biren Deka,/artist/biren-deka,03:22,https://gaana.com//song/naraon-janom-lovilo-traditional
Nagachaki Heroshima,Jiten Deka,/artist/jiten-deka,03:23,https://gaana.com//song/nagachaki-heroshima
Petore Juruni Bhat,Khagen Phukan|Others|Pushpa Fukan Dubra|Bibha Dubra|Maheswar Barua|Meena Chakraborty,/artist/khagen-phukan|/artist/others|/artist/pushpa-fukan-dubra-2|/artist/bibha-dubra-2|/artist/maheswar-barua-2|/artist/meena-chakraborty-4,05:53,https://gaana.com//song/petore-juruni-bhat
Kaak Bulilo,Dwipen Baruah|Runjun Phukan,/artist/dwipen-baruah|/artist/runjun-phukan-1,03:11,https://gaana.com//song/kaak-bulilo
Tejare Kamalapati,Dwipen Barua,/artist/dwipen-barua-3,04:49,https://gaana.com//song/tejare-kamalapati
Aaji Eta Daam,Nagen Barman,/artist/nagen-barman,03:35,https://gaana.com//song/aaji-eta-daam
Bijuleer Pohar Mor Nai,Suman Kalyanpur,/artist/suman-kalyanpur,05:15,https://gaana.com//song/bijuleer-pohar-mor-nai
Chenai Mor O,Usha Mangeshkar|Bhupen Hazarika,/artist/usha-mangeshkar-2|/artist/dr-bhupen-hazarika-2,03:43,https://gaana.com//song/chenai-mor-o-1
Jigija Gijao,Bhupen Hazarika|Usha Mangeshkar,/artist/dr-bhupen-hazarika-2|/artist/usha-mangeshkar-2,03:48,https://gaana.com//song/jigija-gijao
Kirtan Dashamar Shankar Guru,Malabika Bora,/artist/malabika-bora,03:00,https://gaana.com//song/kirtan-dashamar-shankar-guru
Devata Koa Mok Adalat,Aarti Mukherji,/artist/aarti-mukherji,03:03,https://gaana.com//song/devata-koa-mok-adalat
Ami Bhaiti Bhanti,Bhupinder Singh|Krishna|Utpala|Asomi|Arindam|Nirupama|Mrinalini Dutta Chowdhury|Munin,/artist/bhupinder-singh|/artist/krishna|/artist/utpala|/artist/asomi|/artist/arindam|/artist/nirupama|/artist/mrinalini-dutta-chowdhury-1|/artist/munin,02:55,https://gaana.com//song/ami-bhaiti-bhanti
Kinu Maram Lagata,Others|Khagendranath Phukan|Meena Chakraborty,/artist/others|/artist/khagendranath-phukan-1|/artist/meena-chakraborty-3,03:01,https://gaana.com//song/kinu-maram-lagata
Jetnkare Bulali,Jiten Deka,/artist/jiten-deka,03:06,https://gaana.com//song/jetnkare-bulali
Rib Ribkoi Batah Bale,Khagen Mahanta|Archana Mahanta,/artist/khagen-mahanta|/artist/archana-mahanta,03:07,https://gaana.com//song/rib-ribkoi-batah-bale
Ukhakoi Gara Oi,Lokeswar Deka|Lakshmi Bordoloi|Sibprasad Nath|Iru Saika|Puna Saika,/artist/lokeswar-deka|/artist/lakshmi-bordoloi|/artist/sibprasad-nath-2|/artist/iru-saika-2|/artist/puna-saika-2,03:02,https://gaana.com//song/ukhakoi-gara-oi
Bahagi O Ketiya,Mitali Chowdhury,/artist/mitali-chowdhury,03:13,https://gaana.com//song/bahagi-o-ketiya
Boghra Pamru Mon,Rmeswar Pathak,/artist/rmeswar-pathak,03:17,https://gaana.com//song/boghra-pamru-mon
Ei Nadikhani,Dwipen Baruah|Debjani Barua,/artist/dwipen-baruah|/artist/debjani-barua,02:41,https://gaana.com//song/ei-nadikhani
Ki Bichari Ore Jibon,Anju Devi|Bhupen Hazarika,/artist/anju-devi|/artist/dr-bhupen-hazarika-2,06:58,https://gaana.com//song/ki-bichari-ore-jibon
Guahati Loi Nahaibi,Nagen Barman,/artist/nagen-barman,03:26,https://gaana.com//song/guahati-loi-nahaibi
A Aaji Beular Biya,Rameshwar Pathak,/artist/rameshwar-pathak,02:56,https://gaana.com//song/ei-dehati-eri
Ah Ah Ah Olai Ah,Khagen Mahanta,/artist/khagen-mahanta,02:43,https://gaana.com//song/ah-ah-ah-olai-ah
Marame O Pacha,Santa Sharma|Arun Das,/artist/santa-sharma|/artist/arun-das,02:47,https://gaana.com//song/marame-o-pacha
Runu Jun Runu Junu,Namita Bhattacharya,/artist/namita-bhattacharya,03:25,https://gaana.com//song/runu-jun-runu-junu
O Pahar O Dawor,Dilip Sharma|Anima Chowdhury,/artist/dilip-sharma|/artist/anima-chowdhury-1,03:18,https://gaana.com//song/o-pahar-o-dawor
O Baiamor Dekati Ai,Kumari Dharitri|Lakshmi Bordoloi|Sibaprashad Nath,/artist/kumari-dharitri|/artist/lakshmi-bordoloi|/artist/sibaprashad-nath,02:51,https://gaana.com//song/o-baiamor-dekati-ai
Eito Prahar Shunya Prahar,Samar Hazarika,/artist/samar-hazarika,02:39,https://gaana.com//song/eito-prahar-shunya-prahar
Mor Ausir Rati,Jayanta Hazarika,/artist/jayanta-hazarika,02:54,https://gaana.com//song/mor-ausir-rati
Lajara Naam Rangin Palash,Manisha Hazarika,/artist/manisha-hazarika,03:42,https://gaana.com//song/lajara-naam-rangin-palash
More Pran Jeeban,Naren Das|Anima Das,/artist/naren-das|/artist/anima-das,03:15,https://gaana.com//song/more-pran-jeeban
Nakanda Nakanda Monai O,Rameshwar Pathak,/artist/rameshwar-pathak,03:15,https://gaana.com//song/nakanda-nakanda-monai-o
Asomre O Maina Houta,Jiten Deka,/artist/jiten-deka,02:58,https://gaana.com//song/asomre-o-maina-houta
Aag Fale Dekhilo,Khagen Mahanta|Others,/artist/khagen-mahanta|/artist/others,03:02,https://gaana.com//song/aag-fale-dekhilo
O Beulai Kande Re,Naren Das,/artist/naren-das,03:38,https://gaana.com//song/o-beulai-kande-re
Rim Jhim Barashuney,Sangira Singha|Bhupen Hazarika,/artist/sangira-singha|/artist/dr-bhupen-hazarika-2,03:22,https://gaana.com//song/rim-jhim-barashuney
Bimurto Mur Nixati,Bhupen Hazarika,/artist/dr-bhupen-hazarika-2,01:21,https://gaana.com//song/bimurto-mur-nixati
Maanuhe Maanuhara,Bhupen Hazarika,/artist/dr-bhupen-hazarika-2,03:09,https://gaana.com//song/maanuhe-maanuhara
Choku Meli Nachaba,Runjun Phukan,/artist/runjun-phukan-1,03:52,https://gaana.com//song/choku-meli-nachaba
Sham Kaliya,Rameshwar Pathak|Dhanada Pathak,/artist/rameshwar-pathak|/artist/dhanada-pathak,03:11,https://gaana.com//song/sham-kaliya-1
A Mai Diok Labon More,Rameshwar Pathak,/artist/rameshwar-pathak,03:00,https://gaana.com//song/a-mai-diok-labon-more
Nupore Matiche,Haimanti Shukla|Namita Bhattacharya,/artist/haimanti-shukla|/artist/namita-bhattacharya,03:03,https://gaana.com//song/nupore-matiche
Aaji Ki Je Mukali,Jayanta Das|Dwipen Baruah,/artist/jayanta-das|/artist/dwipen-baruah,03:29,https://gaana.com//song/aaji-ki-je-mukali
Beb Kaati Jaba Naru,Snehalata Das,/artist/snehalata-das,03:29,https://gaana.com//song/beb-kaati-jaba-naru
Akou Ubhati Jadi Aha,Anima Choudhury,/artist/anima-choudhury,03:18,https://gaana.com//song/akou-ubhati-jadi-aha
Tan Kanali Mori Jao Laje,Snehalata Das,/artist/snehalata-das,03:57,https://gaana.com//song/tan-kanali-mori-jao-laje
Aghunare Pathare Aai,Sarat Sharma|Lakshmi Bordoloi|Others|Bibha Barua|Anu Barkakati,/artist/sarat-sharma|/artist/lakshmi-bordoloi|/artist/others|/artist/bibha-barua-2|/artist/anu-barkakati-2,05:57,https://gaana.com//song/aghunare-pathare-aai
Dekh Dekho Re,Rameshwar Pathak,/artist/rameshwar-pathak,03:11,https://gaana.com//song/dekh-dekho-re
Nil Nil Sagn,Jiten Deka,/artist/jiten-deka,03:06,https://gaana.com//song/nil-nil-sagn
Alap Hanhi Alap,Manisha Hazarika,/artist/manisha-hazarika,02:22,https://gaana.com//song/alap-hanhi-alap
Ashwin Mashe Durga Puja,Mridula Das Dewan|Bhupen Hazarika,/artist/mridula-das-dewan|/artist/dr-bhupen-hazarika-2,04:48,https://gaana.com//song/ashwin-mashe-durga-puja
Aji Tomake Dekhilo,Dilip Sharma|Anima Chowdhury,/artist/dilip-sharma|/artist/anima-chowdhury-1,03:07,https://gaana.com//song/aji-tomake-dekhilo
Man Aji,Pulak Banerjee|Haimanti Shukla,/artist/pulak-banerjee-1|/artist/haimanti-shukla,03:19,https://gaana.com//song/man-aji
Chintare Chataki Mon,Dhanada Pathak|Rameshwar Pathak,/artist/dhanada-pathak|/artist/rameshwar-pathak,03:09,https://gaana.com//song/chintare-chataki-mon
Abhimani Bandhu,Asha Bhosle,/artist/asha-bhosle-1,05:12,https://gaana.com//song/abhimani-bandhu-2
Nadi Tore Bukute,Manisha Hazarika|Samar Hazarika,/artist/manisha-hazarika|/artist/samar-hazarika,03:09,https://gaana.com//song/nadi-tore-bukute
Sarute Sarkakai,Snehalata Das,/artist/snehalata-das,03:23,https://gaana.com//song/sarute-sarkakai
Ei Laganat Kolu,Jayanta Hazarika|Nirmal Mishra,/artist/jayanta-hazarika|/artist/nirmal-mishra,03:08,https://gaana.com//song/ei-laganat-kolu
Ghar Amar Mati Hoy,Mukesh,/artist/mukesh,03:02,https://gaana.com//song/ghar-amar-mati-hoy
Guwahati Loi Gaichhilo - Parody,Nagen Barman|Udoy Barman,/artist/nagen-barman|/artist/udoy-barman,05:08,https://gaana.com//song/guwahati-loi-gaichhilo
Shama Thakile,Bhupen Hazarika,/artist/dr-bhupen-hazarika-2,03:27,https://gaana.com//song/shama-thakile
Ei Bristi Ei Bristi,dasarath das|Kula Barua|Minu Saikia,/artist/dasarath-das|/artist/kula-barua|/artist/minu-saikia,03:02,https://gaana.com//song/ei-bristi-ei-bristi
Konay Aji Aabeli,Riniki Barua|Dwipen Barua|Anima Chowdhury|Bhanti Barua,/artist/riniki-barua|/artist/dwipen-barua-8|/artist/anima-chowdhury-2|/artist/bhanti-barua,03:14,https://gaana.com//song/konay-aji-aabeli
Duru Duri Kanpe Hiya,Madhumati Goswami,/artist/madhumati-goswami,03:33,https://gaana.com//song/duru-duri-kodpe-hiya
Anurag Tumi,Jiten Deka,/artist/jiten-deka,05:17,https://gaana.com//song/anurag-tumi
Akash Aaji Mor,Manisha Hazarika,/artist/manisha-hazarika,03:31,https://gaana.com//song/akash-aaji-mor
Loilase Tneo,Rituparna Sharma,/artist/rituparna-sharma,03:14,https://gaana.com//song/loilase-tneo
Ai Nilaj Pahar,Bhupen Hazarika,/artist/dr-bhupen-hazarika-2,03:25,https://gaana.com//song/ai-nilaj-pahar
Uddhab Sakhi Ahare,Rameshwar Pathak,/artist/rameshwar-pathak,03:07,https://gaana.com//song/uddhab-sakhi-ahare
Ek Doi Tini Chari,Lalita Das|Kokila Goswami|Mrinalini Dutta Chowdhury|Puspa Das,/artist/lalita-das|/artist/kokila-goswami-3|/artist/mrinalini-dutta-chowdhury-3|/artist/puspa-das-2,04:21,https://gaana.com//song/ek-doi-tini-chari
O Kajali Pahare Jane,Anup Ghoshal,/artist/anup-ghoshal-1,03:21,https://gaana.com//song/o-kajali-pahare-jane
Gati Je Jibaner Naam,Samar Hazarika,/artist/samar-hazarika,03:36,https://gaana.com//song/gati-je-jibaner-naam
Dhng Dhari Dhng,Rameshwar Pathak,/artist/rameshwar-pathak,03:22,https://gaana.com//song/dhng-dhari-dhng
Chali Palir,Nagen Barman,/artist/nagen-barman,02:38,https://gaana.com//song/chali-palir
Sundari Saon Kino Kalpana,Jayanta Hazarika|Nirmal Mishra,/artist/jayanta-hazarika|/artist/nirmal-mishra,02:57,https://gaana.com//song/sundari-saon-kino-kalpana
Kajiranga Kajiranga,Krishna|Bhupen Hazarika|Arindam|Gogoi Sisters,/artist/krishna|/artist/dr-bhupen-hazarika-2|/artist/arindam|/artist/gogoi-sisters,04:14,https://gaana.com//song/kajiranga-kajiranga
O He Mon Bhai,Naren Das,/artist/naren-das,03:31,https://gaana.com//song/o-he-mon-bhai
Na Jadi Bholali,Unknown,/artist/unknown,06:21,https://gaana.com//song/na-jadi-bholali
Kiono Hahili Fagun,Anima Choudhury,/artist/anima-choudhury,03:09,https://gaana.com//song/kiono-hahili-fagun
Jilimili Jilimili,Aarti Mukherji,/artist/aarti-mukherji,02:48,https://gaana.com//song/jilimili-jilimili
Achhilo Ba Kino,Dwipen Baruah,/artist/dwipen-baruah,04:22,https://gaana.com//song/achhilo-ba-kino
Tumiye Mor Kalpanare,Bhupen Hazarika,/artist/dr-bhupen-hazarika-2,04:21,https://gaana.com//song/tumiye-mor-kalpanare
Pahrar Juriti,Khagen Mahanta|Archana Mahanta,/artist/khagen-mahanta|/artist/archana-mahanta,03:36,https://gaana.com//song/paharar-juriti
Mor Naam Radha,Snehalata Das,/artist/snehalata-das,02:54,https://gaana.com//song/mor-naam-radha
Ei Jibon Jadi,Jiten Deka,/artist/jiten-deka,04:02,https://gaana.com//song/ei-jibon-jadi
Karnat Kundal Tomar,Dhanada Pathak|Rameshwar Pathak,/artist/dhanada-pathak|/artist/rameshwar-pathak,03:14,https://gaana.com//song/karnat-kundal-tomar
Pran Sakhi Re,Snehalata Das,/artist/snehalata-das,02:31,https://gaana.com//song/pran-sakhi-re
Chulat Mad Khopa - Parody,Nagen Barman|Pranita Barman,/artist/nagen-barman|/artist/pranita-barman,06:36,https://gaana.com//song/chulat-mad-khopa
Bengena Namere,Khagen Mahanta,/artist/khagen-mahanta,06:22,https://gaana.com//song/bengena-namere
Ei Son Barania,Dwipen Baruah|Namita Bhattacharya,/artist/dwipen-baruah|/artist/namita-bhattacharya,02:56,https://gaana.com//song/ei-son-barania
A Aaji Beular Biya,Rameshwar Pathak,/artist/rameshwar-pathak,03:19,https://gaana.com//song/bhajare-pamaru-mon
Chanchal Mon,Biren Deka,/artist/biren-deka,03:04,https://gaana.com//song/chanchal-mon-1
Ei Karunatar,Manisha Hazarika,/artist/manisha-hazarika,02:47,https://gaana.com//song/ei-karunatar
Kaanaai Paar Karaa,Bhupen Hazarika,/artist/dr-bhupen-hazarika-2,03:14,https://gaana.com//song/kaanaai-paar-karaa
Adite Akale,Dwipen Baruah,/artist/dwipen-baruah,02:38,https://gaana.com//song/adite-akale
Andhar Raati,Dwipen Baruah,/artist/dwipen-baruah,04:27,https://gaana.com//song/andhar-raati-1
Beli Lahiai,D Pen Baruah,/artist/d-pen-baruah,03:33,https://gaana.com//song/beli-lahiai
Banhar Kathi Tulai,Khagen Mahanta|Archana Mahanta,/artist/khagen-mahanta|/artist/archana-mahanta,03:13,https://gaana.com//song/banhar-kathi-tulai
Aea Je Dekhicha,Dwipen Baruah|Runjun Phukan,/artist/dwipen-baruah|/artist/runjun-phukan-1,04:45,https://gaana.com//song/aea-je-dekhicha
Kerasene Dilane - Parody,Nagen Barman|Pranita Barman,/artist/nagen-barman|/artist/pranita-barman,06:04,https://gaana.com//song/kerasene-dilane
Oliya Holo Moi,Lokeswar Deka|Others,/artist/lokeswar-deka|/artist/others,06:51,https://gaana.com//song/oliya-holo-moi
Sialeya Nahibi Rati,Nagen Barman,/artist/nagen-barman,03:52,https://gaana.com//song/sialeya-nahibi-rati
Oki Radhe Bolre,Dhanada Pathak,/artist/dhanada-pathak,03:17,https://gaana.com//song/oki-radhe-bolre
Ek Dui Tini,Jayanta Hazarika,/artist/jayanta-hazarika,01:49,https://gaana.com//song/ek-dui-tini
O Aji Bihu Bihu,Mahananda Majinder Barua,/artist/mahananda-majinder-barua,03:35,https://gaana.com//song/o-aji-bihu-bihu
Kopi Uthe Kio Taj Mahal,Bhupen Hazarika|Lata Mangeshkar,/artist/dr-bhupen-hazarika-2|/artist/lata-mangeshkar,06:42,https://gaana.com//song/kopi-uthe-kio-taj-mahal-1
Jadi Ketiara Kararat,Anima Choudhury,/artist/anima-choudhury,03:01,https://gaana.com//song/jadi-ketiara-kararat
Porilo Barisha Kaalre,Snehalata Das,/artist/snehalata-das,03:28,https://gaana.com//song/porilo-barisha-kaalre
Rati Je Holo Baro,Manisha Hazarika,/artist/manisha-hazarika,03:33,https://gaana.com//song/rati-je-holo-baro
Luitab Sontat Likha Bab,Jayanta Hazarika,/artist/jayanta-hazarika,03:27,https://gaana.com//song/luitab-sontat-likha-bab
Jonoti Olale Tarati,Khagen Mahanta|Archana Mahanta,/artist/khagen-mahanta|/artist/archana-mahanta,03:22,https://gaana.com//song/jonoti-olale-tarati
Fashion Tomar Diney Diney,Nagen Barman|Bani Barua,/artist/nagen-barman|/artist/bani-barua,03:11,https://gaana.com//song/fashion-tomar-diney-diney
Na Aat Sath,Jiten Deka|Nirmali Das,/artist/jiten-deka|/artist/nirmali-das,02:03,https://gaana.com//song/na-aat-sath
Jaunsari Song No.2,Male Uttar Pradesh singers from Konain|Jaunsar Bower,/artist/male-uttar-pradesh-singers-from-konain|/artist/jaunsar-bower,03:12,https://gaana.com//song/jaunsari-song-no2-2
Ahan Ahan Kao Shuna,Mitali Chowdhury,/artist/mitali-chowdhury,02:59,https://gaana.com//song/ahan-ahan-kao-shuna
Kino Hol Kino Hol,Mahananda Mazinder Baruah,/artist/mahananda-mazinder-baruah-4,04:32,https://gaana.com//song/kino-hol-kino-hol
Bhohutake Bhohudio,Ina Mukherjee|Namita Goswami,/artist/ina-mukherjee|/artist/namita-goswami,02:41,https://gaana.com//song/bhohutake-bhohudio
Saraju Kande Re,Naren Das,/artist/naren-das,04:54,https://gaana.com//song/saraju-kande-re
Beli Lahiyai,Dwipen Baruah,/artist/dwipen-baruah,03:43,https://gaana.com//song/beli-lahiyai
Kinno Maya Jal Patila,Naren Das,/artist/naren-das,03:34,https://gaana.com//song/kinno-maya-jal-patila
Jonak Bhara Nisha,Malabika Bora,/artist/malabika-bora,04:49,https://gaana.com//song/jonak-bhara-nisha
Dayal Guru Kripal Guru,Rameshwar Pathak,/artist/rameshwar-pathak,03:15,https://gaana.com//song/dayal-guru-kripal-guru
Beli Olale,Madhumati Goswami,/artist/madhumati-goswami,04:04,https://gaana.com//song/beli-olale
O He Budi Ai,Naren Das,/artist/naren-das,03:09,https://gaana.com//song/o-he-budi-ai
Parashi Puaate Tulungaa,Bhupen Hazarika,/artist/dr-bhupen-hazarika-2,02:48,https://gaana.com//song/parashi-puaate-tulungaa
Jhir Jhir Malayar,Dwipen Barua|Mitali Choudhury,/artist/dwipen-barua-5|/artist/mitali-choudhry,03:56,https://gaana.com//song/jhir-jhir-malayar
Joy Joy Srimanta Shankar,Rameshwar Pathak,/artist/rameshwar-pathak,02:57,https://gaana.com//song/joy-joy-srimanta-shankar
Kopi Uthe Kio Taj Mahal (Introduction),Samar Hazarika,/artist/samar-hazarika,01:09,https://gaana.com//song/kopi-uthe-kio-taj-mahal-introduction
Mor Haon Phaon Dhar Phar Korey,Nagen Barman,/artist/nagen-barman,02:59,https://gaana.com//song/mor-haon-phaon-dhar-phar-korey
Mohila Mohila Kaloino Ahila,Jayanta Hazarika,/artist/jayanta-hazarika,03:08,https://gaana.com//song/mohila-mohila-kaloino-ahila
Bapoi Chengerare,Dhanada Pathak,/artist/dhanada-pathak,02:05,https://gaana.com//song/bapoi-chengerare
Kona Samayata Shui Parilo Moi,Anima Choudhury,/artist/anima-choudhury,03:29,https://gaana.com//song/kona-samayata-shui-parilo-moi
Kalir Krishna Duet,Dwipen Barua|Kokila Goswami|Mrinalini Dutta Chowdhury|Lalita Das|Puspa Das,/artist/dwipen-barua-11|/artist/kokila-goswami-2|/artist/mrinalini-dutta-chowdhury-2|/artist/lalita-das|/artist/puspa-das-1,03:34,https://gaana.com//song/kalir-krishna-2
O Mor Priyo Janagan,Bhupen Hazarika,/artist/dr-bhupen-hazarika-2,04:23,https://gaana.com//song/o-mor-priyo-janagan
Hawa Nai Batash Nai,Usha Mangeshkar,/artist/usha-mangeshkar-2,04:02,https://gaana.com//song/hawa-nai-batash-nai
Ak Din Tumi,Jiten Deka,/artist/jiten-deka,03:55,https://gaana.com//song/ak-din-tumi
O Dukhiya Man Mara,Digen Mahanta|Khagen Mahanta,/artist/digen-mahanta|/artist/khagen-mahanta,03:02,https://gaana.com//song/o-dukhiya-man-mara
Boney Se,sibcharan das,/artist/sibcharan-das,02:07,https://gaana.com//song/boney-se-sadi-geet
Moi Achhon,Dwipen Baruah|Kabita Barthakur,/artist/dwipen-baruah|/artist/kabita-barthakur,03:55,https://gaana.com//song/moi-achhon
Pratham Dekhar,Khagen Mahanta|Mitali Choudhury,/artist/khagen-mahanta|/artist/mitali-choudhry,03:02,https://gaana.com//song/pratham-dekhar
Dham Dhama Dham Jibon - Madul Baje,Banasree Sengupta|Jayanta Hazarika|Nirmal Mishra,/artist/banasree-sengupta|/artist/jayanta-hazarika|/artist/nirmal-mishra,03:14,https://gaana.com//song/dham-dhama-dham-jibon-madul-baje
Boi Ja Boi Ja,Manisha Hazarika,/artist/manisha-hazarika,03:28,https://gaana.com//song/boi-ja-boi-ja
Chenai Tomar Chalukia,Khagen Mahanta|Archana Mahanta,/artist/khagen-mahanta|/artist/archana-mahanta,02:37,https://gaana.com//song/chenai-tomar-chalukia
Ne Kaandibaa Ne Kaandibaa,Bhupen Hazarika,/artist/dr-bhupen-hazarika-2,03:07,https://gaana.com//song/ne-kaandibaa-ne-kaandibaa
Badi Achhe Naderey Jaal,Nagen Barman,/artist/nagen-barman,05:26,https://gaana.com//song/badi-achhe-naderey-jaal
Jni Jni,Jiten Deka,/artist/jiten-deka,03:00,https://gaana.com//song/jni-jni
Nak Dangarer Beta Ta,Naren Das,/artist/naren-das,03:03,https://gaana.com//song/nak-dangarer-beta-ta
Tumi Nisangha Nohoba,Malabika Bora,/artist/malabika-bora,04:26,https://gaana.com//song/tumi-nisangha-nohoba
Surey Surey,Jiten Deka,/artist/jiten-deka,02:03,https://gaana.com//song/surey-surey
Ali Dhaki Par Shaliki,Namita Bhattacharya,/artist/namita-bhattacharya,04:03,https://gaana.com//song/ali-dhaki-par-shaliki
Bolia Mor Mon,Kalpana Bhuyan|Dijen Kakati,/artist/kalpana-bhuyan|/artist/dijen-kakati-4,03:02,https://gaana.com//song/bolia-mor-mon
Khone Jage Hai,Namita Bhattacharya,/artist/namita-bhattacharya,03:05,https://gaana.com//song/khone-jage-hai
Chowahi Chowahi Shile Katha Koy,Namita Bhattacharya,/artist/namita-bhattacharya,03:02,https://gaana.com//song/chorahi-chorahi-shile-kotha-kay
Na Jano Kon,Suez Bardoloi,/artist/suez-bardoloi,03:17,https://gaana.com//song/na-jano-kon
Ei Je Amar Janwar Bahini,Dwipen Barua,/artist/dwipen-barua-7,02:25,https://gaana.com//song/ei-je-amar
Jiri Jiri Barsun,Namita Bhattacharya|Atul Methi,/artist/namita-bhattacharya|/artist/atul-methi-4,04:08,https://gaana.com//song/jheri-jheri-barsun
Aaruno Kiman Baki,Namita Bhattacharya,/artist/namita-bhattacharya,04:36,https://gaana.com//song/aaruno-kiman-baki
A Pran Gopal,Anima Chowdhury,/artist/anima-chowdhury,03:24,https://gaana.com//song/a-pran-gopal
Bharibo Taluar Para,Jayanta Hazarika,/artist/jayanta-hazarika,03:38,https://gaana.com//song/bharibo-taluar-para
Nao Chapan Nao Chapan,Dhanada Pathak,/artist/dhanada-pathak,03:22,https://gaana.com//song/nao-chapan-nao-chapan
Sakala Duniya - Kamrupi,Rameshwar Pathak,/artist/rameshwar-pathak,03:29,https://gaana.com//song/sakala-duniya-kamrupi
Joy Baa Parajoy,Bhupen Hazarika,/artist/dr-bhupen-hazarika-2,03:15,https://gaana.com//song/joy-baa-parajoy
Noire Bukut Uthe Dhou,Dilip Sharma|Anima Chowdhury,/artist/dilip-sharma|/artist/anima-chowdhury-1,03:43,https://gaana.com//song/noire-bukut-uthe-dhou
Shun Hero Rupahi Bijoli,Samar Hazarika,/artist/samar-hazarika,02:45,https://gaana.com//song/shuno-herupahi-bijoli
Ahan Ahanchhon,Suman Kalyanpur|Pulak Banerjee,/artist/suman-kalyanpur|/artist/pulak-banerjee-1,05:49,https://gaana.com//song/ahan-ahanchhon
Basanta Ahil Sakhi,Madhumati Goswami|Mahananda Mazinder Baruah,/artist/madhumati-goswami|/artist/mahananda-mazinder-baruah-3,06:06,https://gaana.com//song/basanta-ahil-sakhi
Bastra Meli Meli Chay,Dhanada Pathak|Rameshwar Pathak,/artist/dhanada-pathak|/artist/rameshwar-pathak,02:58,https://gaana.com//song/bastra-meli-meli-chay
Gorui Machhe,Nagen Barman,/artist/nagen-barman,03:36,https://gaana.com//song/gorui-machhe
Iman Moram Kiya,Dwipen Barua|Anima Chowdhury,/artist/dwipen-barua-9|/artist/anima-chowdhury-3,03:15,https://gaana.com//song/iman-moram-kiya
Uchnpi Nutiba,Jiten Deka,/artist/jiten-deka,03:17,https://gaana.com//song/uchnpi-nutiba
Mugha Riha Mekhelarey,Dijen Kakati,/artist/dijen-kakati-4,03:21,https://gaana.com//song/mugha-riha-mekhelarey
Prantar Pahare,Kula Barua,/artist/kula-barua,03:04,https://gaana.com//song/prantar-pahare
Kopi Uthe Kio Taj Mahal,Samar Hazarika|Monima Saikia,/artist/samar-hazarika|/artist/monima-saikia,03:48,https://gaana.com//song/kopi-uthe-kio-taj-mahal
E He Narayan,Rameshwar Pathak,/artist/rameshwar-pathak,06:19,https://gaana.com//song/e-he-narayan
Amare Bhonti Subo,Mridula Das Dewan,/artist/mridula-das-dewan,04:14,https://gaana.com//song/amare-bhonti-subo
Maha Moho,Jayanta Das|Dwipen Baruah,/artist/jayanta-das|/artist/dwipen-baruah,03:47,https://gaana.com//song/maha-moho
Aghone Anile Hanhi,Kuntala Deka|Dwipen Baruah,/artist/kuntala-deka|/artist/dwipen-baruah,03:05,https://gaana.com//song/aghone-anile-hanhi
Keteki Nahao Moi,Anima Bhattacharya,/artist/anima-bhattacharya,03:47,https://gaana.com//song/keteki-nahao-moi
Amej Bhara,Arun Das,/artist/arun-das,02:55,https://gaana.com//song/amej-bhara
Palo Adhikar Tomar Hiyar,Anima Choudhury,/artist/anima-choudhury,03:16,https://gaana.com//song/palo-adhikar-tomar-hiyar
Moi Sainik Rokhia,Bina Sharma,/artist/bina-sharma,03:02,https://gaana.com//song/moi-sainik-rokhia
Kanhura Bon,Bhupen Hazarika,/artist/dr-bhupen-hazarika-2,03:43,https://gaana.com//song/kanhura-bon
Uddhar Shaki Ahara,Rameshwar Pathak,/artist/rameshwar-pathak,03:04,https://gaana.com//song/uddhar-shaki-ahara
O Bandhu Bohag Bihu,Dijen Kakati,/artist/dijen-kakati-6,02:43,https://gaana.com//song/o-bandhu-bohag-bihu
O Mor Dharitri,Pampa Gagai|Bhupen Hazarika,/artist/pampa-gagai|/artist/dr-bhupen-hazarika-2,03:27,https://gaana.com//song/o-mor-dharitri
Jibon Ghorir Protito Pal,Suman Kalyanpur,/artist/suman-kalyanpur,04:01,https://gaana.com//song/jibon-ghorir-protito-pal
Hindu Ki Musolmaan (Jikir),Rekibuddin Ahmed,/artist/rekibuddin-ahmed,03:32,https://gaana.com//song/hindu-ki-musolmaan-jikir
O Mitha Bohag,Bhupen Hazarika|Ruby Singha,/artist/dr-bhupen-hazarika-2|/artist/ruby-singha,03:21,https://gaana.com//song/o-mitha-bohag
Mati Phuti Chale,D Pen Baruah|Namita Bhattacharya,/artist/d-pen-baruah|/artist/namita-bhattacharya,03:50,https://gaana.com//song/mati-phuti-chale
Shyam Kalia,Dhanada Pathak,/artist/dhanada-pathak,03:11,https://gaana.com//song/shyam-kalia
Naami Aha Sundare,Bhupen Hazarika,/artist/dr-bhupen-hazarika-2,05:49,https://gaana.com//song/naami-aha-sundare
Aha Jen,Atul Methi|Bonti Borah,/artist/atul-methi|/artist/bonti-borah,02:37,https://gaana.com//song/aha-jen
Maati Phuti Olaale,Dwipen Baruah|Namita Bhattacharya,/artist/dwipen-baruah|/artist/namita-bhattacharya,03:57,https://gaana.com//song/maati-phuti-olaale
Bianaam - Part - 1,Runumi Bhattacharya|Nikunjalata Mahanta|Archana Mahanta,/artist/runumi-bhattacharya|/artist/nikunjalata-mahanta|/artist/archana-mahanta,06:00,https://gaana.com//song/bianaam-part-1
Eri Thoi Jaon,Dwipen Baruah,/artist/dwipen-baruah,03:13,https://gaana.com//song/eri-thoi-jaon
Suhuri Marili,Barnali Hazarika,/artist/barnali-hazarika,02:54,https://gaana.com//song/suhuri-marili
Hayre Praner Basa Mor,Usha Mangeshkar,/artist/usha-mangeshkar-2,02:04,https://gaana.com//song/hayre-praner-basa-mor
Kajiranga Kajiganga,Bhupen Hazarika,/artist/dr-bhupen-hazarika-2,04:06,https://gaana.com//song/kajiranga-kajiganga
Phulil Azar Phool,Suez Bardoloi,/artist/suez-bardoloi,03:06,https://gaana.com//song/phulil-azar-phool
Mor Jibon Ek Ambachedor,Dwipen Baruah,/artist/dwipen-baruah,03:48,https://gaana.com//song/mor-jibon-ek-ambachedor
Akashrey Nilaai,Suman Kalyanpur,/artist/suman-kalyanpur,05:27,https://gaana.com//song/akashrey-nilaai
Ki Mok Ne Lage,Aarti Mukherji|Dwipen Baruah,/artist/aarti-mukherji|/artist/dwipen-baruah,03:15,https://gaana.com//song/ki-mok-ne-lage
Sakal Duniya Dukkha,Rameshwar Pathak,/artist/rameshwar-pathak,03:03,https://gaana.com//song/sakal-duniya-dukkha
Chinaki Tumi Ne Mor,Namita Bhattacharya,/artist/namita-bhattacharya,03:19,https://gaana.com//song/chinaki-tumi-ne-mor
Parbator Dhakia,Lokeswar Deka|Party,/artist/lokeswar-deka|/artist/party,06:25,https://gaana.com//song/parbator-dhakia
Pohaaniya Charaaity,Dwipen Barua|Kokila Goswami,/artist/dwipen-barua-1|/artist/kokila-goswami-1,04:03,https://gaana.com//song/pohaaniya-charaaity
He Mai Joshowa,Bhupen Hazarika,/artist/dr-bhupen-hazarika-2,03:24,https://gaana.com//song/he-mai-joshowa
Jonali A Jonali,Dwipen Baruah,/artist/dwipen-baruah,03:06,https://gaana.com//song/jonali-a-jonali
Sarukoi Bakul Phul Lahi,Archana Mahanta,/artist/archana-mahanta,03:14,https://gaana.com//song/sarukoi-bakul-phul-lahi
Mon Mor Urichhey,Samar Hazarika|Rijuwana Sultana,/artist/samar-hazarika|/artist/rijuwana-sultana,03:43,https://gaana.com//song/mon-mor-urichhey
Chenai Mor O,Bhupen Hazarika|Usha Mangeshkar,/artist/dr-bhupen-hazarika-2|/artist/usha-mangeshkar-2,03:44,https://gaana.com//song/chenai-mor-o
Dur Duranite,Jiten Deka,/artist/jiten-deka,03:09,https://gaana.com//song/dur-duranite
Kurut Kurut Korka Baje,Rameshwar Pathak,/artist/rameshwar-pathak,03:08,https://gaana.com//song/kurut-kurut-korka-baje
Shankare Bolile,Ina Mukherjee|Mahananda Mazinder Baruah,/artist/ina-mukherjee|/artist/mahananda-mazinder-baruah-2,05:37,https://gaana.com//song/shankare-bolile
Radhar Nupurar,Chandrani Mukherjee,/artist/chandrani-mukherjee,03:54,https://gaana.com//song/radhar-nupurar
Tomar Hamir Chinaki Suravi,Barnali Hazarika,/artist/barnali-hazarika,03:13,https://gaana.com//song/tomar-hamir-chinaki-suravi
Ki Rang Dila Halo Utala,Namita Bhattacharya|Dwipen Barua,/artist/namita-bhattacharya|/artist/dwipen-barua-10,03:51,https://gaana.com//song/ki-rang-dila-halo-utala
Katenu Achha Mor,Manisha Hazarika,/artist/manisha-hazarika,05:24,https://gaana.com//song/katenu-achha-mor
E Rangin Raat Mein,Haimanti Shukla,/artist/haimanti-shukla,03:08,https://gaana.com//song/e-rangin-raat-mein
Machhi Thoi Jadi,Dwipen Baruah,/artist/dwipen-baruah,03:15,https://gaana.com//song/machhi-thoi-jadi
Buker Tejare,Suez Bardoloi,/artist/suez-bardoloi,03:05,https://gaana.com//song/buker-tejare
Eman Dhuniyakoi,Pahari Saikia|Dwipen Barua,/artist/pahari-saikia|/artist/dwipen-barua-13,03:34,https://gaana.com//song/eman-dhuniyakoi
Dhoi Tnli Tnli,Jiten Deka,/artist/jiten-deka,05:24,https://gaana.com//song/dhoi-tnli-tnli
Kone Jane Tomar Swapon,Shyamal Mitra,/artist/shyamal-mitra,03:10,https://gaana.com//song/kone-jane-tomar-swapon
Phool Bhara Phool Niwa,Suman Kalyanpur,/artist/suman-kalyanpur,03:27,https://gaana.com//song/phool-bhara-phool-niwa
Kamalakoi Bahanre Oi,Khagen Mahanta|Archana Mahanta|Nikunjalata Mohanta|Digen Mohanta,/artist/khagen-mahanta|/artist/archana-mahanta|/artist/nikunjalata-mohanta|/artist/digen-mohanta,06:18,https://gaana.com//song/kamala-koi-banhave-oi
Udbab Bondhu - Shankar Dev,Krishna Burman|Bhupen Hazarika,/artist/krishna-burman|/artist/dr-bhupen-hazarika-2,04:38,https://gaana.com//song/udbab-bondhu-shankar-dev
Oi Kino Maya,Pulak Banerjee,/artist/pulak-banerjee-1,04:05,https://gaana.com//song/oi-kino-maya
Aai Madhur Milanor Mela,Mitali Chowdhury,/artist/mitali-chowdhury,03:09,https://gaana.com//song/aai-madhur-milanor-mela
Seuji Seuji Seuji O,Mihir Bardaloi,/artist/mihir-bardaloi,03:23,https://gaana.com//song/seuji-seuji-seuji-o
Pahhaad Bhoiyaamara,Bhupen Hazarika,/artist/dr-bhupen-hazarika-2,03:05,https://gaana.com//song/pahhaad-bhoiyaamara
O Thuria Tamolkhan,Mahananda Majinder Barua|Santa Sharma,/artist/mahananda-majinder-barua|/artist/santa-sharma,03:51,https://gaana.com//song/o-thuria-tamolkhan
Gopini Pran,Rameshwar Pathak,/artist/rameshwar-pathak,06:21,https://gaana.com//song/gopini-pran
Akhan Nadekha Nadir,Dwipen Barua,/artist/dwipen-barua-2,03:14,https://gaana.com//song/ekhon-nadekha-nadir
Parane Manat,Jiten Deka,/artist/jiten-deka,02:52,https://gaana.com//song/parane-manat
Hawa Nai Batash Nai,Usha Mangeshkar,/artist/usha-mangeshkar-2,01:55,https://gaana.com//song/hawa-nai-batash-nai-1
Akou Ebar Log,Manna Dey,/artist/manna-dey,03:16,https://gaana.com//song/akou-ebar-log
Bihu Bihu Lagichhe Gaat,Bhupen Hazarika,/artist/dr-bhupen-hazarika-2,03:26,https://gaana.com//song/kon-anami-nadi
Ka Kha Ga Gha,Usha Mangeshkar,/artist/usha-mangeshkar-2,02:23,https://gaana.com//song/ka-kha-ga-gha-1
Halaloi Likhile,Dwipen Baruah|Namita Bhattacharya,/artist/dwipen-baruah|/artist/namita-bhattacharya,02:48,https://gaana.com//song/halaloi-likhile
Kuli Ketakiya,Bhupen Hazarika,/artist/dr-bhupen-hazarika-2,03:46,https://gaana.com//song/kuli-ketakiya
Tumi Hoba Koina,Kalpana Bhuiya|Dijen Kakati,/artist/kalpana-bhuiya|/artist/dijen-kakati-5,03:08,https://gaana.com//song/tumi-hoba-koina
Ei To Lagan Aji,Anima Bhattacharya|Hemen Das,/artist/anima-bhattacharya|/artist/hemen-das,02:37,https://gaana.com//song/ei-to-lagan-aji
Alingan Alingan,Aftab Ahmad,/artist/aftab-ahmad,05:47,https://gaana.com//song/alingan-alingan
Riniki Riniki,Namita Bhattacharya|Kula Barua,/artist/namita-bhattacharya|/artist/kula-barua-4,02:05,https://gaana.com//song/riniki-riniki
Asom Amar Desh,Jiten Deka|Nirmali Das,/artist/jiten-deka|/artist/nirmali-das,04:45,https://gaana.com//song/asom-amar-desh
Ramjanare Roja Galo,Mohammed Rafi|Bhupen Hazarika,/artist/mohammad-rafi|/artist/dr-bhupen-hazarika-2,07:04,https://gaana.com//song/ramjanare-roja-galo
Piriti Aru Bimurto Mur,Bhupen Hazarika,/artist/bhupen-hazarika,02:15,https://gaana.com//song/piriti-aru-bimurto-mur
Pani Pai Badile,Dijen Kakati|Kalpana Bhuiya,/artist/dijen-kakati-4|/artist/kalpana-bhuiya,03:11,https://gaana.com//song/pani-pai-badile-1
Bisarilo Sunarkhani,Sagarika Barua,/artist/sagarika-barua,03:15,https://gaana.com//song/bisarilo-sunarkhani
Anor Karone Jiyan,Prasanta Baruah|Bhupen Hazarika,/artist/prasanta-baruah|/artist/dr-bhupen-hazarika-2,03:08,https://gaana.com//song/anor-karone-jiyan
Ujaya Ahile,Anima Choudhury,/artist/anima-choudhury,03:07,https://gaana.com//song/ujaya-ahile
Ei Kapaalat,Dwipen Baruah,/artist/dwipen-baruah,03:42,https://gaana.com//song/ei-kapaalat
Nadi Matho,Monojyostna Mahanta,/artist/monojyostna-mahanta,03:45,https://gaana.com//song/nadi-matho
Asomi Ali,Kalpana Bhuyan,/artist/kalpana-bhuyan,03:14,https://gaana.com//song/asomi-ali
Ogni Jugor Firingoti Moi,Bhupen Hazarika|Samar Hazarika|Monima Saikia,/artist/dr-bhupen-hazarika-2|/artist/samar-hazarika|/artist/monima-saikia,03:42,https://gaana.com//song/ogni-jugor-firingoti-moi
Moi Kio Bia Karaichilo - Parody,Nagen Barman|Pranita Barman,/artist/nagen-barman|/artist/pranita-barman,05:39,https://gaana.com//song/moi-kio-bia-karaichilo
Tamosi Raati,Debjani Barua,/artist/debjani-barua,02:56,https://gaana.com//song/tamosi-raati
Torar Ganerey,Kalpana Bhuyan|Dijen Kakati,/artist/kalpana-bhuyan|/artist/dijen-kakati-4,03:00,https://gaana.com//song/torar-ganerey
Aar Najao Jamunarey,Anima Choudhury,/artist/anima-choudhury,02:50,https://gaana.com//song/aar-najao-jamunarey
Na Kanda Na Kanda - Anup Ghosal,Anup Ghoshal,/artist/anup-ghoshal-1,03:23,https://gaana.com//song/na-kanda-na-kanda-anup-ghosal
Satyam Shivam Chir Sundar - Suman Kalyanpur,Suman Kalyanpur,/artist/suman-kalyanpur,06:06,https://gaana.com//song/satyam-shivam-chir-sundar
Banhar Mura Bagarir Ora,Khagen Mahanta,/artist/khagen-mahanta,02:53,https://gaana.com//song/banhar-mura-balarir-ora
Mayabi Nishare,Mihir Bardaloi,/artist/mihir-bardaloi,03:31,https://gaana.com//song/mayabi-nishare
Jaya Jaya Sankara Guru,Pintoo Bhattacharya|prabhat sharma|Rameshwar Pathak,/artist/pintoo-bhattacharya|/artist/prabhat-sharma|/artist/rameshwar-pathak,03:17,https://gaana.com//song/jaya-jaya-sankara-guru
Aya Nahar Phul,Kalpana Bhuyan|Dijen Kakati,/artist/kalpana-bhuyan|/artist/dijen-kakati-4,02:47,https://gaana.com//song/aya-nahar-phul
Sangram Jibanar Jodi Eti Naam,Usha Mangeshkar,/artist/usha-mangeshkar-2,02:54,https://gaana.com//song/sangram-jibanar-jodi-eti-naam
Manar Majat O,Anima Choudhury,/artist/anima-choudhury,03:00,https://gaana.com//song/manar-majat-o
Jhiri Jhiri,Suez Bardoloi,/artist/suez-bardoloi,02:54,https://gaana.com//song/jhiri-jhiri-percent
Allhaar Bine Key Nai Aan,Bhupen Hazarika|Pranabiram Baruah|Sadananda Gogoi,/artist/dr-bhupen-hazarika-2|/artist/pranabiram-baruah|/artist/sadananda-gogoi,03:40,https://gaana.com//song/allhaar-bine-key-nai-aan
Ei Rodali,Dwipen Barua|Mrinalini Dutta Chowdhury,/artist/dwipen-barua|/artist/mrinalini-dutta-chowdhury,04:02,https://gaana.com//song/ei-ra-dali
Toba Toba,Aftab Ahmad,/artist/aftab-ahmad,03:19,https://gaana.com//song/toba-toba
Jatane Sajawa,Bhupen Hazarika,/artist/dr-bhupen-hazarika-2,05:54,https://gaana.com//song/jatane-sajawa
Jonali O Tarali O,Nirmali Das,/artist/nirmali-das,04:01,https://gaana.com//song/jonali-o-tarali-o
Ki Bar,Jiten Deka|Nirmali Das,/artist/jiten-deka|/artist/nirmali-das,01:51,https://gaana.com//song/ki-bar-10
Bhaiti Bhonti,Namita Goswami,/artist/namita-goswami,02:48,https://gaana.com//song/bhaiti-bhonti
Bihure Kothia,Dwipen Barua,/artist/dwipen-barua-12,02:05,https://gaana.com//song/bihure-kothia
Aay Ja Mor,Anima Choudhury,/artist/anima-choudhury,03:20,https://gaana.com//song/aay-ja-mor
A Aji Baular Biha,Rameshwar Pathak|Dhanada Pathak,/artist/rameshwar-pathak|/artist/dhanada-pathak,02:49,https://gaana.com//song/a-aji-baular-biha
Sahariya Jibonor,Nami Gaen|Dijen Kakati|Heman Kakati,/artist/nami-gaen|/artist/dijen-kakati-8|/artist/heman-kakati-1,02:47,https://gaana.com//song/sahariya-jibonor
Radhai Bole Dekha Dekha,Romen Barua,/artist/romen-barua,02:44,https://gaana.com//song/radhai-bole-dekha-dekha
Ki Je Holo Din Kaal - Parody,Nagen Barman,/artist/nagen-barman,03:27,https://gaana.com//song/ki-je-holo-din-kaal
Korunamai Hey Biswanath,Namita Bhattacharya|Dwipen Baruah,/artist/namita-bhattacharya|/artist/dwipen-baruah,03:27,https://gaana.com//song/korunamai-hey-biswanath
Mone Mone Aaji Kak,Banasree Sengupta|Dwipen Baruah,/artist/banasree-sengupta|/artist/dwipen-baruah,03:19,https://gaana.com//song/mone-mone-aaji-kak
Kor Para Ahili,Dhanada Pathak,/artist/dhanada-pathak,02:52,https://gaana.com//song/kor-para-ahili
Ei Barashate Mor,Mitali Chowdhury,/artist/mitali-chowdhury,03:28,https://gaana.com//song/ei-barashate-mor
Haate Banchi Niye Xokhi (Introduction),Samar Hazarika,/artist/samar-hazarika,01:06,https://gaana.com//song/haate-banchi-niye-xokhi-introduction
Moina Charaiti,Nirmal Mishra|Sagarika Barua,/artist/nirmal-mishra|/artist/sagarika-barua,03:06,https://gaana.com//song/moina-charaiti
Maldar Habaloi - Parody,Nagen Barman,/artist/nagen-barman,05:53,https://gaana.com//song/maldar-habaloi
Joubaney Anga Porey,Malabika Bora,/artist/malabika-bora,02:45,https://gaana.com//song/joubaney-anga-porey
Maya Mohe Bhara,Haimanti Shukla|Kula Barua|Namita Bhattacharya,/artist/haimanti-shukla|/artist/kula-barua-5|/artist/namita-bhattacharya,05:14,https://gaana.com//song/maya-mohe-bhara
Basanta Boilo Sakhi,sibcharan das|Others,/artist/sibcharan-das|/artist/others,03:36,https://gaana.com//song/basanta-boilo-sakhi
Jak Jak Pakhila Ure,Renuka Barua|Sunil Dev,/artist/renuka-barua|/artist/sunil-dev,03:12,https://gaana.com//song/jak-jak-pakhila-ure
Bhatiai Jaota,Rameshwar Pathak|Dhanada Pathak,/artist/rameshwar-pathak|/artist/dhanada-pathak,02:45,https://gaana.com//song/bhatiai-jaota
Oh Choa Choa Angibhangi - Parody,Nagen Barman|Udoy Barman,/artist/nagen-barman|/artist/udoy-barman,03:08,https://gaana.com//song/oh-choa-choa-angibhangi
Bail Machhe Kheil Kare,Pranita Barman,/artist/pranita-barman,04:01,https://gaana.com//song/bail-machhe-kheil-kare
Tumi Heno Karuna Sagar,Archana Mahanta,/artist/archana-mahanta,03:14,https://gaana.com//song/tumi-heno-karuna-sagar
Cha Ghosor Arot Lukai,Madhumati Goswami,/artist/madhumati-goswami,03:02,https://gaana.com//song/cha-baganer
Daiyamoyi Paro Karo,Bangshidhar Das,/artist/bangshidhar-das-5,03:06,https://gaana.com//song/daiyamoyi-paro-karo
Jibon Sundar,Anju Devi|Bhupen Hazarika,/artist/anju-devi|/artist/dr-bhupen-hazarika-2,02:55,https://gaana.com//song/jibon-sundar-film
Hori Jare Dukhkho Lekhe,Anima Choudhury,/artist/anima-choudhury,03:13,https://gaana.com//song/hori-jare-dukhkho-lekhe
Aha Bhaiti Aha Bhonti,Jiten Deka,/artist/jiten-deka,02:48,https://gaana.com//song/aha-bhaiti-aha-bhonti
Eke Eke Dui Hole,Aarti Mukherji,/artist/aarti-mukherji,03:01,https://gaana.com//song/eke-eke-dui-hole
Aru Nobojabi Bin Batorua (Introduction),Samar Hazarika,/artist/samar-hazarika,00:48,https://gaana.com//song/aru-nobojabi-bin-batorua-introduction
Kon Thair Pora Ahila,Rameshwar Pathak|Archana Das,/artist/rameshwar-pathak|/artist/archana-das,03:21,https://gaana.com//song/kon-thair-pora-ahila
Anjali,Bhupen Hazarika,/artist/dr-bhupen-hazarika-2,03:51,https://gaana.com//song/anjali-16
Luitate Mor Ghar,Usha Mangeshkar,/artist/usha-mangeshkar-2,03:28,https://gaana.com//song/luitate-mor-ghar
Ali Kinarey,sibcharan das,/artist/sibcharan-das,02:04,https://gaana.com//song/ali-kinarey
Hole Jale Kumliya,Namita Bhattacharya,/artist/namita-bhattacharya,04:08,https://gaana.com//song/hole-jale-kumliya
Abor Song No.1,Assam singers with percussion from Siluk|Arbor Hills,/artist/assam-singers-with-percussion-from-siluk|/artist/arbor-hills,03:08,https://gaana.com//song/abor-song-no1-2
O Pare Kamrangar Gachh,Pranita Barman,/artist/pranita-barman,04:03,https://gaana.com//song/o-pare-kamrangar-gachh
Purbey Bhagabontoi - Bihu,Mahananda Majindar Baruah,/artist/mahananda-majindar-baruah,07:01,https://gaana.com//song/purbey-bhagabontoi-bihu
Ek Achhila Raja,Khagen Mahanta,/artist/khagen-mahanta,02:21,https://gaana.com//song/ek-achhila-raja
Prochondo Dhumuhai,Bhupen Hazarika,/artist/dr-bhupen-hazarika-2,03:17,https://gaana.com//song/prochondo-dhumuhai
Haate Banchi Niye Xokhi (Traditional Folk Song),Ram Sasoni,/artist/ram-sasoni,05:23,https://gaana.com//song/haate-banchi-niye-xokhi-traditional-folk-song
Bahoba Agloi,Rameshwar Pathak|Dhanada Pathak,/artist/rameshwar-pathak|/artist/dhanada-pathak,03:15,https://gaana.com//song/bahoba-agloi
Aru Nobojabi Bin Batorua,Usha Mangeshkar|Bhupen Hazarika,/artist/usha-mangeshkar-2|/artist/bhupen-hazarika,04:41,https://gaana.com//song/aru-nobojabi-bin-batorua
Dichang Mukhar Nishati,Bhupen Hazarika,/artist/dr-bhupen-hazarika-2,03:15,https://gaana.com//song/dichang-mukhar-nishati
Ghar Bhaagileon,Apurba Das,/artist/apurba-das,03:19,https://gaana.com//song/ghar-bhaagileon
Kino Kapalat Sadhi,Bhupen Hazarika,/artist/dr-bhupen-hazarika-2,05:28,https://gaana.com//song/kino-kapalat-sadhi
Duru Duru Kapichhe,Kalpana Bhuyan,/artist/kalpana-bhuyan,02:56,https://gaana.com//song/duru-duru-kapichhe
Moi Kon,Dwipen Baruah,/artist/dwipen-baruah,03:24,https://gaana.com//song/moi-kon
Abhimani Bandhu,Asha Bhosle,/artist/asha-bhosle-1,03:26,https://gaana.com//song/abhimani-bandhu-1
Jaunsari Song No.1,Uttar Pradesh soloist|parties of male|female singers from Mohana|Jaunsar Bower,/artist/uttar-pradesh-soloist|/artist/parties-of-male|/artist/female-singers-from-mohana|/artist/jaunsar-bower,02:55,https://gaana.com//song/jaunsari-song-no1-2
Bhang Bhang Bhang,Bhupen Hazarika,/artist/dr-bhupen-hazarika-2,02:45,https://gaana.com//song/bhang-bhang-bhang
Kiyo No Phoole,Dwipen Barua|Pahari Saikia,/artist/dwipen-barua-16|/artist/pahari-saikia,02:52,https://gaana.com//song/kiyo-no-phoole
Kon Kot Loti Ghoti,Geeta Das|Bhupen Hazarika|Anil Dutta,/artist/geeta-das|/artist/dr-bhupen-hazarika-2|/artist/anil-dutta,03:24,https://gaana.com//song/kon-kot-loti-choti
Pohare Ki Jane,Pahari Saikia,/artist/pahari-saikia,03:14,https://gaana.com//song/pohare-ki-jane
Mone Uthe Monosta,Samar Hazarika,/artist/samar-hazarika,02:23,https://gaana.com//song/mone-uthe-monosta
Moina O,Dijen Kakati,/artist/dijen-kakati-4,02:35,https://gaana.com//song/moina-o
Bihu Anandiya Bihu Binandiya,Khagen Phukan|Maheshwar Barua|Meena Chakraborty|Pushpa Fukan Dubra,/artist/khagen-phukan|/artist/maheshwar-barua-1|/artist/meena-chakraborty-2|/artist/pushpa-fukan-dubra-1,11:55,https://gaana.com//song/bihu-anandiya-bihu-binandiya
Radha Muk Diora Biday,Bangshidhar Das,/artist/bangshidhar-das-5,03:18,https://gaana.com//song/radha-muk-diora-biday
Bianaam - Part - 2,Nikunjalata Mahanta|Runumi Bhattacharya|Archana Mahanta,/artist/nikunjalata-mahanta|/artist/runumi-bhattacharya|/artist/archana-mahanta,05:29,https://gaana.com//song/bianaam-part-2
Prabhu Mor,Aarti Mukherji,/artist/aarti-mukherji,03:27,https://gaana.com//song/prabhu-mor
Ogni Jugor Firingoti Moi (Introduction),Samar Hazarika,/artist/samar-hazarika,00:32,https://gaana.com//song/ogni-jugor-firingoti-moi-introduction
Nidanar Sangeetar,Khagen Mahanta,/artist/khagen-mahanta,03:24,https://gaana.com//song/nidanar-sangeetar
Sali Mari Nasoni (Bihu Geet),Parag Chaliha|Bihu Group,/artist/parag-chaliha|/artist/bihu-group,00:37,https://gaana.com//song/sali-mari-nasoni-bihu-geet
Tumi Ahichhila,Madhumati Goswami,/artist/madhumati-goswami,04:16,https://gaana.com//song/tumi-ahichhila
Kapalate Pindhilo,Anju Devi|Bhupen Hazarika,/artist/anju-devi|/artist/dr-bhupen-hazarika-2,03:08,https://gaana.com//song/kapalate-pindhilo
Aeir Lata,Kalyani Das|sibcharan das,/artist/kalyani-das|/artist/sibcharan-das,02:54,https://gaana.com//song/aeir-lata
O Phool Paha Halichha Jalichha,Archana Mohanty,/artist/archana-mohanty,03:58,https://gaana.com//song/o-phool-paha-halichha-jalichha
Nahibi O Sonwarani Bare Bare,Manisha Hazarika,/artist/manisha-hazarika,02:59,https://gaana.com//song/nahibi-o-sonwarani-bare-bare
Linda Linda,Aftab Ahmad,/artist/aftab-ahmad,04:17,https://gaana.com//song/linda-linda-14
Aei Mitha,Aftab Ahmad,/artist/aftab-ahmad,04:31,https://gaana.com//song/aei-mitha
Asta Akashate,Bhupen Hazarika,/artist/dr-bhupen-hazarika-2,43:06,https://gaana.com//song/asta-akashate
Dunia Amar,Khagen Mahanta|Manjari Barua,/artist/khagen-mahanta|/artist/manjari-barua,03:36,https://gaana.com//song/dunia-amar
Aiso Kanai Aiso,Anima Choudhury,/artist/anima-choudhury,03:16,https://gaana.com//song/aiso-kanai-aiso
Purba Bharatir,Shyamal Mitra,/artist/shyamal-mitra,03:26,https://gaana.com//song/purba-bharatir
Allhaar Bine Key Nai Aan (Introduction),Samar Hazarika,/artist/samar-hazarika,01:23,https://gaana.com//song/allhaar-bine-key-nai-aan-introduction
Tu Tu Tu Tu Tupi,Samar Hazarika,/artist/samar-hazarika,03:43,https://gaana.com//song/tu-tu-tu-tu-tupi
Thamaki Chamak,Namita Bhattacharya|Dwipen Baruah,/artist/namita-bhattacharya|/artist/dwipen-baruah,03:28,https://gaana.com//song/thamaki-chamak
O Aji Mor Mon Pakhiti,Aarti Mukherji,/artist/aarti-mukherji,03:02,https://gaana.com//song/o-aji-mor-mon-pakhiti
Mastarey Koichhilo - Parody,Nagen Barman|Udoy Barman,/artist/nagen-barman|/artist/udoy-barman,05:09,https://gaana.com//song/mastarey-koichhilo
Jidina Manar,Dwipen Barua,/artist/dwipen-barua-17,03:34,https://gaana.com//song/gidina-manar
Kino Abhaga Kapal,Bhupen Hazarika,/artist/dr-bhupen-hazarika-2,04:58,https://gaana.com//song/kino-abhaga-kapal
Nayanmani Nayanmani,Bhupinder Singh|Suman Kalyanpur,/artist/bhupinder-singh|/artist/suman-kalyanpur,04:16,https://gaana.com//song/nayanmani-nayanmani
Moi Aru Mor Chaan,Bhupen Hazarika,/artist/dr-bhupen-hazarika-2,04:00,https://gaana.com//song/moi-aru-mor-chaan
Ujaya Chalo Hut,Khagen Mahanta,/artist/khagen-mahanta,03:08,https://gaana.com//song/ujaya-chalo-hut
Songs of Assam - Abor Song No. 3,Unspecified,/artist/unspecified,01:53,https://gaana.com//song/songs-of-assam-abor-song-no-3
Ahinor,Aftab Ahmad,/artist/aftab-ahmad,03:47,https://gaana.com//song/ahinor
Nijake Dekhi Ajikali,Anju Devi,/artist/anju-devi,03:49,https://gaana.com//song/nijake-dekhi-ajikali
Kon Sei Jane,Dijen Kakati,/artist/dijen-kakati-4,03:02,https://gaana.com//song/kon-sei-jane
Tu Shree Nayan Kakati,Dwipen Barua,/artist/dwipen-barua-15,02:27,https://gaana.com//song/tu-shreenayan-kakati
Sali Mari Nasoni (Bihu Geet) (Introduction),Samar Hazarika,/artist/samar-hazarika,00:46,https://gaana.com//song/sali-mari-nasoni-bihu-geet-introduction
Mina Kara Gam Kharu,Namita Bhattacharya,/artist/namita-bhattacharya,03:01,https://gaana.com//song/mina-kara-gam-kharu
Purna Gharat,Santa Sharma,/artist/santa-sharma,04:08,https://gaana.com//song/purna-gharat
Hey Narayan,Jiten Deka|Nirmali Das,/artist/jiten-deka|/artist/nirmali-das,03:51,https://gaana.com//song/hey-narayan-1
Nidarun Sham,Bangshidhar Das,/artist/bangshidhar-das-5,03:12,https://gaana.com//song/nidarun-sham
Jai Arijai,Dwipen Baruah,/artist/dwipen-baruah,04:14,https://gaana.com//song/jai-arijai
Mok Alap Asru Diya,Madhumati Goswami,/artist/madhumati-goswami,04:08,https://gaana.com//song/mok-alap-asru-diya
Dehai Amoni Korichhe,Bhupen Hazarika,/artist/dr-bhupen-hazarika-2,02:43,https://gaana.com//song/dehai-amoni-korichhe
Rup Jwale Jalmal,Banasree Sengupta|Dwipen Baruah,/artist/banasree-sengupta|/artist/dwipen-baruah,03:04,https://gaana.com//song/rup-jwale-jalmal
Chira Bidrohi - Recitation,Bhupen Hazarika,/artist/dr-bhupen-hazarika-2,03:13,https://gaana.com//song/chira-bidrohi-recitation
Boby Ruby Dipa Rupa,Jiten Deka|Dipen Lahkar,/artist/jiten-deka|/artist/dipen-lahkar,04:28,https://gaana.com//song/boby-ruby-dipa-rupa
Sakhiyati Jilmil Pakhi - Parveen Sultana,Parveen Sultana,/artist/parveen-sultana,03:14,https://gaana.com//song/sakhiyati-jilmil-pakhi
Jauban Maney,Dilip Chowdhury|Rijuwana Sultana,/artist/dilip-chowdhury|/artist/rijuwana-sultana,03:55,https://gaana.com//song/jauban-maney
Ghumati Jao Re,Anju Devi|Bhupen Hazarika,/artist/anju-devi|/artist/dr-bhupen-hazarika-2,05:05,https://gaana.com//song/ghumati-jao-re
Bar Dusta Bhaiti Amar,Nirmali Das,/artist/nirmali-das,03:19,https://gaana.com//song/bar-dusta-bhaiti-amar
Rode Didi,Jiten Deka|Nirmali Das,/artist/jiten-deka|/artist/nirmali-das,04:42,https://gaana.com//song/rode-didi
Sua Ghane Ghane,Madhumati Goswami,/artist/madhumati-goswami,04:01,https://gaana.com//song/sua-ghane-ghane
Matir Pradip Hoi,Dwipen Baruah,/artist/dwipen-baruah,03:06,https://gaana.com//song/matir-pradip-hoi
Tumi Uzanir Ney Namonir,Dijen Kakati,/artist/dijen-kakati-4,03:15,https://gaana.com//song/tumi-uzanir-ney-namonir
Jibon Juri,Bhupen Hazarika,/artist/dr-bhupen-hazarika-2,05:56,https://gaana.com//song/jibon-juri
Aji Kino Pulakate,Aarti Mukherji,/artist/aarti-mukherji,02:59,https://gaana.com//song/aji-kino-pulakate
Kichumaan Achhey Gan,Shahnaj Begum,/artist/shahnaj-begum,04:14,https://gaana.com//song/kichumaan-achhey-gan
Aruno Kiman,Archana Das,/artist/archana-das,03:34,https://gaana.com//song/aruno-kiman
Bhukhut Khabuti Lai,Aftab Ahmad,/artist/aftab-ahmad,05:04,https://gaana.com//song/bhukhut-khabuti-lai
Luitar Bali,Kalpana Bhuyan,/artist/kalpana-bhuyan,03:24,https://gaana.com//song/luitar-bali
Tumi Nai Jadi,Monojyostna Mahanta,/artist/monojyostna-mahanta,05:04,https://gaana.com//song/tumi-nai-jadi-1
Mon Kia Sapon Rangin,Dwipen Baruah,/artist/dwipen-baruah,02:33,https://gaana.com//song/mon-kia-sapon-rangin
Hari Hey Ahare,Rameshwar Pathak,/artist/rameshwar-pathak,05:21,https://gaana.com//song/hari-hey-ahare
Majoni Mor Akanimani,Mridula Das Dewan,/artist/mridula-das-dewan,03:00,https://gaana.com//song/majoni-mor-akanimani
Shilmil Toponite,Aftab Ahmad,/artist/aftab-ahmad,03:23,https://gaana.com//song/shilmil-toponite
Ei Raati,Madhumati Goswami,/artist/madhumati-goswami,02:51,https://gaana.com//song/ei-raati
Karo Jorey Mango Prabhu,Shanta Sharma,/artist/shanta-sharma,04:19,https://gaana.com//song/karo-jorey-mango-prabhu
Samsun Salito Jora,Anima Choudhury,/artist/anima-choudhury,03:12,https://gaana.com//song/samsun-salito-jora
Hame Je Janam Lele,sibcharan das,/artist/sibcharan-das,02:49,https://gaana.com//song/hame-je-janam-lele
Kaar Gharar,Bhupen Hazarika|Bhaskar Das,/artist/dr-bhupen-hazarika-2|/artist/bhaskar-das,03:55,https://gaana.com//song/kaar-gharar
Bhog Do Naita,Lokeswar Deka,/artist/lokeswar-deka,04:45,https://gaana.com//song/bhog-do-naita
Hindu Ki Musolmaan (Introduction),Samar Hazarika,/artist/samar-hazarika,01:00,https://gaana.com//song/hindu-ki-musolmaan-introduction
Bikkhubdha Biswakanthei,Bhupen Hazarika,/artist/dr-bhupen-hazarika-2,03:00,https://gaana.com//song/bikkhubdha-biswakanthei
Aru Ki Rakhla,Kokila Goswami,/artist/kokila-goswami,04:42,https://gaana.com//song/aru-ki-rakhla
Gupute Gupute Kiman Khelim - Guiter,Sunil Ganguly,/artist/sunil-ganguly,03:16,https://gaana.com//song/gupute-gupute-kiman-khelim-guiter
Jakoiha Chohali Moi,Sibani Dutta,/artist/sibani-dutta,03:08,https://gaana.com//song/jakoiha-chohali-moi
Jamunaloi O Radha,Madhumati Goswami,/artist/madhumati-goswami,02:36,https://gaana.com//song/jamunaloi-o-radha
Devata Kowa Mor,Aarti Mukherji,/artist/aarti-mukherji,03:02,https://gaana.com//song/devata-kowa-mor
Nayan Dila Tumi,Monojyostna Mahanta,/artist/monojyostna-mahanta,05:27,https://gaana.com//song/nayan-dila-tumi
Madhab Madhab Dukh Taphari,Mitraa Phukan|Namita Bhattacharya,/artist/mitraa-phukan|/artist/namita-bhattacharya,04:35,https://gaana.com//song/madhab-madhab-dukh-taphari
Bahor Kathi Tulai,Khagen Mahanta,/artist/khagen-mahanta,03:05,https://gaana.com//song/bahor-kathi-tulai
Dheere Dheere Kowa Radha,Sibani Dutta,/artist/sibani-dutta,03:23,https://gaana.com//song/dheere-dheere-kowa-radha
Jwalalo Nite Moi,Manisha Hazarika,/artist/manisha-hazarika,03:21,https://gaana.com//song/jwalalo-nite-moi
Ram Gosai,Late Girikanta Mohanto,/artist/late-girikanta-mohanto,02:11,https://gaana.com//song/ram-gosai-1
O May Diyoka Laynu More,Rameshwar Pathak,/artist/rameshwar-pathak,02:57,https://gaana.com//song/o-may-diyoka-laynu-more
Sahashra Jone Mok Proshna Kore,Bhupen Hazarika,/artist/dr-bhupen-hazarika-2,03:24,https://gaana.com//song/sahashra-jone-mok-proshna-kore
Sirish Gachher,sibcharan das|Others,/artist/sibcharan-das|/artist/others,02:03,https://gaana.com//song/sirish-gachher
Sagar Dekhi,Madhumati Goswami,/artist/madhumati-goswami,03:47,https://gaana.com//song/sagar-dekhi
Saja Eri Pakhi Urila,Bhupen Hazarika,/artist/dr-bhupen-hazarika-2,02:46,https://gaana.com//song/saja-eri-pakhi-urila
Bahagar Suriya,Madhumati Goswami,/artist/madhumati-goswami,03:38,https://gaana.com//song/bahagar-suriya
Khela Gharloi,Mridula Das Dewan,/artist/mridula-das-dewan,02:55,https://gaana.com//song/khela-gharloi
Ghit Mit Endharar,Bhupinder Singh,/artist/bhupinder-singh,05:05,https://gaana.com//song/ghit-mit-endharar
Tritiya Shrenir Jatri,Bhupen Hazarika,/artist/dr-bhupen-hazarika-2,04:33,https://gaana.com//song/tritiya-srenir-jatri
O Dada Bolai O,Rameshwar Pathak,/artist/rameshwar-pathak,02:57,https://gaana.com//song/o-dada-bolai-o
Ei Chakulobhara Jibante8,Dwipen Baruah,/artist/dwipen-baruah,03:05,https://gaana.com//song/ei-chakulobhara-jibante8
Jaaji Noi Saaturi,Lokeswar Deka,/artist/lokeswar-deka,04:43,https://gaana.com//song/jaaji-noi-saaturi
Koa Na Kar Ma Tumi,Pampa Gagai,/artist/pampa-gagai,02:56,https://gaana.com//song/koa-na-kar-ma-tumi
Tumi Usha,Aftab Ahmad,/artist/aftab-ahmad,06:10,https://gaana.com//song/tumi-usha
Girip Garap,Anima Talukdar|Archana Mahanta,/artist/anima-talukdar|/artist/archana-mahanta,03:14,https://gaana.com//song/girip-garap
Pahari Jiyari,Madhumati Goswami,/artist/madhumati-goswami,02:51,https://gaana.com//song/pahari-jiyari
Moi Ati Muramati,Mitali Choudhury,/artist/mitali-choudhry,03:28,https://gaana.com//song/moi-ati-muramati
Luitore Khoot,Aftab Ahmad,/artist/aftab-ahmad,05:00,https://gaana.com//song/luitore-khoot
Jiwan Sundar Maram Sundar,Anju Devi|Bhupen Hazarika,/artist/anju-devi|/artist/dr-bhupen-hazarika-2,02:51,https://gaana.com//song/jiwan-sundar-maram-sundar
Jan Oi Lihiri Dubari Bon,Mahananda Majinder Barua,/artist/mahananda-majinder-barua,07:14,https://gaana.com//song/jan-oi-lihiri-dubari-bon
Simahin Monor Asha,Madhumati Goswami,/artist/madhumati-goswami,02:52,https://gaana.com//song/simahin-monor-asha
O Natun Manar,Bhupen Hazarika,/artist/dr-bhupen-hazarika-2,04:21,https://gaana.com//song/o-natun-manar
Jiban Nadir,Bhupen Hazarika,/artist/dr-bhupen-hazarika-2,03:04,https://gaana.com//song/jiban-nadir-1
He Ravatalit Bahichhey,Asoke Saikia,/artist/asoke-saikia,04:35,https://gaana.com//song/he-ravatalit-bahichhey
Nidra Dhale Aha Pampai,Bangshidhar Das,/artist/bangshidhar-das-5,03:19,https://gaana.com//song/nidra-dhale-aha-pampai
Man Daponat,Manna Dey,/artist/manna-dey,02:52,https://gaana.com//song/man-daponat
Bhabichhila E Buku Bharai,Bhupen Hazarika,/artist/dr-bhupen-hazarika-2,04:01,https://gaana.com//song/bhabichhila-e-buku-bharai
Ranaklanta Nahao,Bhupen Hazarika,/artist/dr-bhupen-hazarika-2,03:04,https://gaana.com//song/ranaklanta-na-hao
Jorpati Uriley,Dwipen Barua,/artist/dwipen-barua-18,04:17,https://gaana.com//song/jorpati-uriley
Abor Song No.2,Female Assam soloist|singers from Siluk|Arbor Hills,/artist/female-assam-soloist|/artist/singers-from-siluk|/artist/arbor-hills,02:34,https://gaana.com//song/abor-song-no2-2
Ma Tumi Khelibane,Bhupinder Singh|Suman Kalyanpur,/artist/bhupinder-singh|/artist/suman-kalyanpur,04:07,https://gaana.com//song/ma-tumi-khelibane
Kar Garavey,sibcharan das|Others,/artist/sibcharan-das|/artist/others,03:55,https://gaana.com//song/kar-garavey
Kino Tor Maatere,Lokeswar Deka,/artist/lokeswar-deka,04:34,https://gaana.com//song/kino-tor-maatere
Gokul Chalre,Parama Mahanta,/artist/parama-mahanta,11:05,https://gaana.com//song/gokul-chalre-1
Batash Bohiche Jhirjhiriya,Parveen Sultana|Khagen Mahanta,/artist/parveen-sultana|/artist/khagen-mahanta,03:31,https://gaana.com//song/batash-bohiche-jhirjhiriya
Khitir Khitire Kari,Lokeswar Deka,/artist/lokeswar-deka,03:18,https://gaana.com//song/khitir-khitire-kari
Soru Hoi Aachhili,Lokeswar Deka,/artist/lokeswar-deka,05:49,https://gaana.com//song/soru-hoi-aachhili
Melidilihi Nao,Aftab Ahmad,/artist/aftab-ahmad,04:16,https://gaana.com//song/melidilihi-nao
Meghnathar Saktishel,sibcharan das|Others,/artist/sibcharan-das|/artist/others,02:31,https://gaana.com//song/meghnathar-saktishel
Haley Jaley Kumliya,Mitraa Phukan,/artist/mitraa-phukan,04:08,https://gaana.com//song/haley-jaley-kumliya
Aru Kato Dukh Diya Prabhu,Suman Kalyanpur,/artist/suman-kalyanpur,05:21,https://gaana.com//song/aru-kato-dukh-diya-prabhu
Dikdari Dikdari,Khagen Mahanta,/artist/khagen-mahanta,02:42,https://gaana.com//song/dikdari-dikdari
Dukhi Moi Asahai,Anju Devi,/artist/anju-devi,03:06,https://gaana.com//song/dukhi-moi-asahai
O Malti,Sibani Dutta,/artist/sibani-dutta,03:02,https://gaana.com//song/o-malti
Ram Gossain,Debajani Borah|Pintoo Bhattacharya,/artist/debajani-borah|/artist/pintoo-bhattacharya,03:23,https://gaana.com//song/ram-gossain
Shaadi Karobai Lauk,Tarun Banerjee,/artist/tarun-banerjee,03:17,https://gaana.com//song/shaadi-karobai-lauk
Bartokola,Jiten Deka|Nirmali Das,/artist/jiten-deka|/artist/nirmali-das,03:28,https://gaana.com//song/bartokola
Shaal Bhangi Oilale,Mahananda Majinder Barua,/artist/mahananda-majinder-barua,06:37,https://gaana.com//song/shaal-bhangi-oilale
Bahag Ahile,Kalpana Bhuyan,/artist/kalpana-bhuyan,02:58,https://gaana.com//song/bahag-ahile-1
O' Ai Mor Ai,Mahananda Majinder Barua,/artist/mahananda-majinder-barua,06:13,https://gaana.com//song/o\-ai-mor-ai
Angami Naga Song No.1,Assam mixed chorus from Kohima|Naga Hills,/artist/assam-mixed-chorus-from-kohima|/artist/naga-hills,03:03,https://gaana.com//song/angami-naga-song-no1-2
Tumi Ujanir Ne Namanir,Mahananda Majinder Barua,/artist/mahananda-majinder-barua,05:50,https://gaana.com//song/tumi-ujanir-ne-namanir
Jibon Nadir,Dijen Kakati,/artist/dijen-kakati-4,03:31,https://gaana.com//song/jibon-nadir-2
Konjani Bhaniti,Mitali Choudhury,/artist/mitali-choudhry,03:13,https://gaana.com//song/konjani-bhaniti
Bheem Kal Badadi,Lokeswar Deka,/artist/lokeswar-deka,04:03,https://gaana.com//song/bheem-kal-badadi
Sapon Rangin Palash,Parveen Sultana,/artist/parveen-sultana,03:43,https://gaana.com//song/sapon-rangin-palash
Nilim Gagan Dhoray Dhoray,Parveen Sultana,/artist/parveen-sultana,03:35,https://gaana.com//song/nilim-gagan-dhoray-dhoray
Abor Song No.6,Male Assam soloist|singers with percussion from Damroh|Arbor Hills,/artist/male-assam-soloist|/artist/singers-with-percussion-from-damroh|/artist/arbor-hills,03:41,https://gaana.com//song/abor-song-no6-2
Andamanese Song,Young mixed chorus from Port Blair|Andaman Islands,/artist/young-mixed-chorus-from-port-blair|/artist/andaman-islands,02:47,https://gaana.com//song/andamanese-song-2
Gobinda Chintahu,Punyabrata Deb Goswami,/artist/punyabrata-deb-goswami,14:24,https://gaana.com//song/gobinda-chintahu-1
Ga Chenai Behure Geet,Mahananda Majinder Barua,/artist/mahananda-majinder-barua,05:51,https://gaana.com//song/ga-chenai-behure-geet
Abor Song No.4,Male Assam soloist|singers with percussion from Mebo|Arbor Hills,/artist/male-assam-soloist|/artist/singers-with-percussion-from-mebo|/artist/arbor-hills,03:02,https://gaana.com//song/abor-song-no4-2
Abor Song No.3,Male Assam soloist|singers with percussion from Mebo|Arbor Hills,/artist/male-assam-soloist|/artist/singers-with-percussion-from-mebo|/artist/arbor-hills,03:09,https://gaana.com//song/abor-song-no3-2
Bohag Mahar Ene Dinat,Mahananda Majinder Barua,/artist/mahananda-majinder-barua,05:16,https://gaana.com//song/bohag-mahar-ene-dinat
Seuji Banar Suriya Kahini - Part 1,Unknown,/artist/unknown,22:32,https://gaana.com//song/seuji-banar-suriya-kahini-part-1
Satam Purushia Amar Bihutali,Mahananda Majinder Barua,/artist/mahananda-majinder-barua,05:30,https://gaana.com//song/satam-purushia-amar-bihutali
Angami Naga Song No.2,Assam singers with percussion from Kohima|Naga Hills,/artist/assam-singers-with-percussion-from-kohima|/artist/naga-hills,03:04,https://gaana.com//song/angami-naga-song-no2-2
Tomak Dekhilo,Dijen Kakati,/artist/dijen-kakati-4,03:16,https://gaana.com//song/tomak-dekhilo
Malita,Late Gahan Goswami,/artist/late-gahan-goswami,06:44,https://gaana.com//song/malita-3
Arundhati Aparup Tumi,Shyamal Mitra,/artist/shyamal-mitra,03:24,https://gaana.com//song/arundhati-aparup-tumi
Hari Mor,Chorus,/artist/chorus,08:39,https://gaana.com//song/hari-mor
Noire Leteraa Baandhoi,Lokeswar Deka,/artist/lokeswar-deka,04:22,https://gaana.com//song/noire-leteraa-baandhoi
Abor Song No.5,Male Assam soloist|singers with percussion from Balek|Arbor Hills,/artist/male-assam-soloist|/artist/singers-with-percussion-from-balek|/artist/arbor-hills,03:14,https://gaana.com//song/abor-song-no5-2
Murati Mariloi,Mahananda Majinder Barua,/artist/mahananda-majinder-barua,06:02,https://gaana.com//song/murati-mariloi
Hari Hari Hamar,Durgamoyee Bara,/artist/durgamoyee-bara,09:18,https://gaana.com//song/hari-hari-hamar-1
Dayamoyee Hey Ma,Mitali Chowdhury,/artist/mitali-chowdhury,03:23,https://gaana.com//song/dayamoyee-hey-ma
Purati Kiono Ahili,Mitali Choudhury,/artist/mitali-choudhry,03:05,https://gaana.com//song/purati-kiono-ahili
Abor Song No.6A,Male Assam soloist|singers with percussion from Damroh|Arbor Hills,/artist/male-assam-soloist|/artist/singers-with-percussion-from-damroh|/artist/arbor-hills,02:41,https://gaana.com//song/abor-song-no6a-2
Seuji Banar Suriya Kahini - Part 2,Unknown,/artist/unknown,25:39,https://gaana.com//song/seuji-banar-suriya-kahini-part-2
Uthre Uth,Chatulal Bachhfore,/artist/chatulal-bachhfore,06:39,https://gaana.com//song/uthre-uth-1
Hari Herre,Sadar Mahanta,/artist/sadar-mahanta,10:33,https://gaana.com//song/hari-herre-1
Narayan Ke Gun,Late Maniram Gayon,/artist/late-maniram-gayon,02:01,https://gaana.com//song/narayan-ke-gun-1
Kamal Nayanke,Naren Das,/artist/naren-das,08:44,https://gaana.com//song/kamal-nayanke-1
Gopal Chale,Bani Das,/artist/bani-das,10:09,https://gaana.com//song/gopal-chale-1
Madhab Aru Kayali,Late Dayal Sutradhar,/artist/late-dayal-sutradhar,02:26,https://gaana.com//song/madhab-aru-kayali-1
