name,singer,singer_id,duration,link
Pallo Latka,Rehana Mirza|Shamim|Om Pawar|Shiv Ram|Master Alauddin|Shobha Purohitanand Kuar,/artist/rehana-mirza|/artist/shamim|/artist/om-pawar|/artist/shiv-ram|/artist/master-alauddin-11|/artist/shobha-purohitanand-kuar-7,03:33,https://gaana.com//song/pallo-latka
Roomal,Rehana Mirza,/artist/rehana-mirza,04:56,https://gaana.com//song/roomal-instrumental
Dhak Kagliya,Rehana Mirza,/artist/rehana-mirza,04:36,https://gaana.com//song/dhak-kagliya
Beero Bhaat Bharan,Anuradha Paudwal,/artist/anuradha-paudwal-2,05:00,https://gaana.com//song/beero-bhaat-bharan
Nimbuda,Bundu Khan Langa|Party,/artist/bundu-khan-langa|/artist/party,05:59,https://gaana.com//song/nimbuda
Anjan Ki Siti Men,Rehana Mirza,/artist/rehana-mirza,03:37,https://gaana.com//song/anjan-ki-siti-men
Thumko,Ikram Rajasthani|Aruna Sharma,/artist/ikram-rajasthani|/artist/aruna-sharma,04:44,https://gaana.com//song/thumko-3
Veer Tejaji Part 01,Mohan Maharaj Nimbarak|Sadhana Bhaduri,/artist/mohan-maharaj-nimbarak|/artist/sadhana-bhaduri,23:23,https://gaana.com//song/veer-tejaji-pt-1
Marodya Laje Re Baju Dal Bangri,Saraswati Devi Dhandra,/artist/saraswati-devi-dhandra-3,03:37,https://gaana.com//song/marodya-laje-re-baju-dal-bangri
Dil Deewano,Alka Yagnik,/artist/alka-yagnik,05:28,https://gaana.com//song/dil-deewano
Baba Ramdev,Moti Lal Bohra|Anand Kaur Bohra|Shobha Purohit|Gopal Lal Vohra|Shamim Khan,/artist/moti-lal-bohra|/artist/anand-kaur-bohra-1|/artist/shobha-purohit|/artist/gopal-lal-vohra|/artist/shamim-khan,05:59,https://gaana.com//song/baba-ramdev-3
Vaishnav Jan To,Suresh Wadkar,/artist/suresh-wadkar,04:00,https://gaana.com//song/vaishnav-jan-to-18
Soowatia,Shmim Khan,/artist/shmim-khan-1,03:22,https://gaana.com//song/soowatia
Bana Re Baga Main,Shilpi Mathur|Sanjay Raizada|Sarsthi Mathur,/artist/shilpi-mathur|/artist/sanjay-raizada|/artist/sarsthi-mathur,05:09,https://gaana.com//song/bana-re-baga-main
Ghumar Ghumar Ghar Aave,Mehdi Hassan,/artist/mehdi-hassan,08:08,https://gaana.com//song/ghumar-ghumar-ghar-aave
Mahavir Hanuman Ji,Urmila Khanna|Chunni Jaipuri|Mehrunissa|Mohan Singh Itawa|Tej Karan Rao|Hunuman Sahai|Kalyan Sahai Sharma,/artist/urmila-khanna|/artist/chunni-jaipuri-3|/artist/mehrunissa-1|/artist/mohan-singh-itawa|/artist/tej-karan-rao|/artist/hunuman-sahai|/artist/kalyan-sahai-sharma,03:17,https://gaana.com//song/mahavir-hanuman-ji
Biro Jee Aaya Bharan,Anuradha Paudwal,/artist/anuradha-paudwal-2,04:00,https://gaana.com//song/biro-jee-aaya-bharan
Rupeeda,Khiya Ram|Prabhati,/artist/khiya-ram|/artist/prabhati,02:03,https://gaana.com//song/rupeeda
Natwar Naagar,Anand Kumar,/artist/anand-kumar,02:00,https://gaana.com//song/natwar-naagar
Kesariya Balam,Allah Jilai Bai,/artist/allah-jilai-bai,06:38,https://gaana.com//song/kesariya-balam
Piya Ki Najar Mhare Kajal Men,Rajni Pandey,/artist/rajni-pandey,03:42,https://gaana.com//song/piya-ki-najar-mhare-kajal
Choti See Umar,Anuradha Paudwal|Shabbir Kumar|Saathi,/artist/anuradha-paudwal-2|/artist/shabbir-kumar|/artist/saathi,07:00,https://gaana.com//song/choti-see-umar
Bhomiaji,Kavi Bhagwan Sahai Sen|Party,/artist/kavi-bhagwan-sahai-sen|/artist/party,03:35,https://gaana.com//song/bhomiaji
Aaja Shaam Hone Aaee - Duet,Alka Yagnik|Sameer Date,/artist/alka-yagnik|/artist/sameer-date,04:43,https://gaana.com//song/aaja-shaam-hone-aaee-1
Khamma Khamma,Mahendra Kapoor,/artist/mahendra-kapoor,05:22,https://gaana.com//song/khamma-khamma-4
Ude Re Mahari Chirakli,Parmar|Parman,/artist/parmar|/artist/parman-1,03:49,https://gaana.com//song/ude-re-mahari-chirakli
Helo Suno Rama Peerji,Badruddin|Ikram Rajasthani|Mohan Singh|Parveen Mirza|Rehana Mirza|Moti Lal Bohra|Chunni Jaipuri,/artist/badruddin|/artist/ikram-rajasthani|/artist/mohan-singh|/artist/parveen-mirza|/artist/rehana-mirza|/artist/moti-lal-bohra|/artist/chunni-jaipuri-8,05:24,https://gaana.com//song/helo-suno-rama-peerji
Bai Sara Beera,Allah Jilai Bai,/artist/allah-jilai-bai,04:52,https://gaana.com//song/bai-sara-beera
Roomal,Bachu Khan|Idu Khan|Kohinoor,/artist/bachu-khan|/artist/idu-khan|/artist/kohinoor,03:35,https://gaana.com//song/roomal-3
Banna Re Bagan Main,Suresh Wadkar|Saraswati Devi,/artist/suresh-wadkar|/artist/saraswati-devi,04:00,https://gaana.com//song/banna-re-bagan-main
Kanahiya Pyara Daras Dikha,Suresh Wadkar,/artist/suresh-wadkar,05:00,https://gaana.com//song/kanahiya-pyara-daras-dikha
Dhak Dhak Hove Chhe,Aruna Sharma|Ikram Rajasthani,/artist/aruna-sharma|/artist/ikram-rajasthani,05:00,https://gaana.com//song/dhak-dhak-hove-chhe
Helo Maaro Sunle,Jai Shree Shiv Ram,/artist/jai-shree-shiv-ram,03:00,https://gaana.com//song/helo-maaro-sunle
Helo Suno Rama Peerji,Moti Lal Bohra|Anand Kaur Bohra|Shobha Purohit|Gopal Lal Vohra|Shamim Khan,/artist/moti-lal-bohra|/artist/anand-kaur-bohra-1|/artist/shobha-purohit|/artist/gopal-lal-vohra|/artist/shamim-khan,05:20,https://gaana.com//song/helo-suno-rama-peerji-1
Upar Kaanch Ko Banglow,Alka Yagnik|Jaspal Singh,/artist/alka-yagnik|/artist/jaspal-singh,05:00,https://gaana.com//song/upar-kaanch-ko-banglow
Jodhame Ki Naar,Sanwar Lal Ranga,/artist/sanwar-lal-ranga,03:53,https://gaana.com//song/jodhame-ki-naar
Chhori Nakhrali,Rehana Mirza|Ikram Rajasthani,/artist/rehana-mirza|/artist/ikram-rajasthani,02:46,https://gaana.com//song/chhori-nakhrali
Panihari,Shilpi Mathur|Sarsthi Mathur,/artist/shilpi-mathur|/artist/sarsthi-mathur,11:23,https://gaana.com//song/panihari-12
Govinda Bolo,Anand Kumar,/artist/anand-kumar,03:00,https://gaana.com//song/govinda-bolo
Moomal,Allah Jilai Bai,/artist/allah-jilai-bai,09:08,https://gaana.com//song/moomal
Sahib Ji Lardini Chundri,Dalpat Dangi|Rehana Mirza,/artist/dalpat-dangi|/artist/rehana-mirza,03:58,https://gaana.com//song/sahib-ji-lardini-chundri
Oji Mahra Ran Baanka Sirdar,Usha Mangeshkar,/artist/usha-mangeshkar-2,06:09,https://gaana.com//song/oji-mahra-ran-baanka-sirdar
Aisi Kayin Bindni Ayee Re,Rehana Mirza|Shamim|Om Pawar|Shiv Ram|Master Alauddin|Shobha Purohitanand Kuar,/artist/rehana-mirza|/artist/shamim|/artist/om-pawar|/artist/shiv-ram|/artist/master-alauddin-10|/artist/shobha-purohitanand-kuar-6,03:24,https://gaana.com//song/ase-kaya-beenadni-aye-re
Mhare Rang Mein Rangane Wali,Sameer Date,/artist/sameer-date,06:39,https://gaana.com//song/mhare-rang-mein-rangane-wali
Tum Dholakri Baja De Re,Mahendra Kapoor|Sarita Goswami|Gyanesh Wari Sharma,/artist/mahendra-kapoor|/artist/sarita-goswami|/artist/gyanesh-wari-sharma-3,03:02,https://gaana.com//song/tum-dholakri-baja-de-re
Koi Naa Sune Myhari,Anuradha Paudwal,/artist/anuradha-paudwal-2,06:00,https://gaana.com//song/koi-naa-sune-myhari
Kaanha Re Girdhari Part 2,Suresh Wadkar,/artist/suresh-wadkar,04:00,https://gaana.com//song/kaanha-re-girdhari-part-2
Kawaron Tabario,Kaluram Prajapati,/artist/kaluram-prajapati,05:32,https://gaana.com//song/kawaron-tabario
Bhajman Raadhe Govinda,Anand Kumar,/artist/anand-kumar,01:00,https://gaana.com//song/bhajman-raadhe-govinda
Jeeja Saali,Rehana Mirza|Shamim|Om Pawar|Shiv Ram|Master Alauddin|Shobha Purohitanand Kuar,/artist/rehana-mirza|/artist/shamim|/artist/om-pawar|/artist/shiv-ram|/artist/master-alauddin-9|/artist/shobha-purohitanand-kuar-5,03:18,https://gaana.com//song/jija-sali-1
Aayo Myhara Natwar,Suresh Wadkar,/artist/suresh-wadkar,06:00,https://gaana.com//song/aayo-myhara-natwar
Aarti Pichham Dhara Su,Rajkamal,/artist/rajkamal,04:30,https://gaana.com//song/aarti-pichham-dhara-su
Bajoorhe Ri Loom,Shamim Khan,/artist/shamim-khan,03:52,https://gaana.com//song/bajoorhe-ri-loom
Talriya Maagriya Re,Anuradha Paudwal,/artist/anuradha-paudwal-2,05:00,https://gaana.com//song/talriya-maagriya-re
Veer Tejaji Part 02,Mohan Maharaj Nimbarak|Sadhana Bhaduri,/artist/mohan-maharaj-nimbarak|/artist/sadhana-bhaduri,23:23,https://gaana.com//song/veer-tejaji-pt-2
Mhare Hivde Ro Har,Mahendra Kapoor|Sarita Goswami|Gyanesh Wari Sharma,/artist/mahendra-kapoor|/artist/sarita-goswami|/artist/gyanesh-wari-sharma-5,05:53,https://gaana.com//song/mhare-hivde-ro-har
Chhaje Re Chhaje Naubat Baaje,Chandrani Mukherjee|Dilraj Kaur|Sudha Malhotra,/artist/chandrani-mukherjee|/artist/dilraj-kaur|/artist/sudha-malhotra,04:09,https://gaana.com//song/chhaje-re-chhaje-naubat-baaje-binayak
Kesriya Balam,Anuradha Prakash|Supriya,/artist/anuradha-prakash|/artist/supriya,10:20,https://gaana.com//song/kesriya-balam
Narsi Ki Naiya,Suresh Wadkar,/artist/suresh-wadkar,07:00,https://gaana.com//song/narsi-ki-naiya
Thari Leela Aparampar,Urmila Khanna|Chunni Jaipuri|Mehrunissa|Mohan Singh Itawa|Tej Karan Rao|Hunuman Sahai|Kalyan Sahai Sharma,/artist/urmila-khanna|/artist/chunni-jaipuri-3|/artist/mehrunissa-1|/artist/mohan-singh-itawa|/artist/tej-karan-rao|/artist/hunuman-sahai|/artist/kalyan-sahai-sharma,02:58,https://gaana.com//song/thari-leela-aparampar
Aayo Mausam Dosti Ro,Alka Yagnik|Sameer Date,/artist/alka-yagnik|/artist/sameer-date,06:42,https://gaana.com//song/aayo-mausam-dosti-ro
Gorbandh,Shobha Purohit,/artist/shobha-purohit,03:35,https://gaana.com//song/gorbandh
Kesriya Balma,Chhoti Bano Sikarwali,/artist/chhoti-bano-sikarwali,03:38,https://gaana.com//song/kesriya-balma
Baba Ram Devji,Badruddin|Ikram Rajasthani|Mohan Singh|Parveen Mirza|Rehana Mirza|Moti Lal Bohra|Chunni Jaipuri,/artist/badruddin|/artist/ikram-rajasthani|/artist/mohan-singh|/artist/parveen-mirza|/artist/rehana-mirza|/artist/moti-lal-bohra|/artist/chunni-jaipuri-7,05:46,https://gaana.com//song/baba-ram-devji-aarti
Gangor,Shobha Purohit,/artist/shobha-purohit,03:32,https://gaana.com//song/gangor
Toraniye Aay Ne Ooba Rijo,Kushal Barath|Sathi,/artist/kushal-barath|/artist/sathi,08:37,https://gaana.com//song/toraniye-aay-ne-ooba-rijo
Badla Looni Kachehri Men,Shamim Khan,/artist/shamim-khan,04:11,https://gaana.com//song/badla-looni-kachehri-men
Baabul Thari Ladal Beti,Anuradha Paudwal,/artist/anuradha-paudwal-2,06:00,https://gaana.com//song/baabul-thari-ladal-beti
Beera Re,Anuradha Paudwal,/artist/anuradha-paudwal-2,05:00,https://gaana.com//song/beera-re
Aatan Jaatan Hanstan Gaatan,Alka Yagnik|Sameer Date,/artist/alka-yagnik|/artist/sameer-date,03:27,https://gaana.com//song/aatan-jaatan-hanstan-gaatan
Tharo Bharoso Bhari Re,Usha Mangeshkar,/artist/usha-mangeshkar-2,04:09,https://gaana.com//song/tharo-bharoso-bhari-re
Thare Tevto Gharhai Doon,Kaluram Prajapati|Shamim Khan,/artist/kaluram-prajapati|/artist/shamim-khan,03:31,https://gaana.com//song/thare-tevto-gharhai-doon
Hello Sun Jo,Suresh Wadkar|Suraj Dadhich,/artist/suresh-wadkar|/artist/suraj-dadhich,05:00,https://gaana.com//song/hello-sun-jo
Dil Deewano - Part,Alka Yagnik|Sameer Date,/artist/alka-yagnik|/artist/sameer-date,01:01,https://gaana.com//song/dil-deewano-part
Lebane Aago Re,Rehana Mirza|Ikram Rajasthani,/artist/rehana-mirza|/artist/ikram-rajasthani,02:49,https://gaana.com//song/lebane-aago-re
Dhola Dhol Majira Baje,Shamim Khan,/artist/shamim-khan,03:00,https://gaana.com//song/dhola-dhol-majira-baje
Shri Ramdev Peer Ra Shay Pasta,Mahendra Kapoor,/artist/mahendra-kapoor,29:33,https://gaana.com//song/shri-ramdev-peer-ra-shay-pasta
Lehariyo,Seema Mishra,/artist/seema-mishra,07:40,https://gaana.com//song/lehariyo
Kulakhna Ki Raand,Rehana Mirza|Shamim|Om Pawar|Shiv Ram|Master Alauddin|Shobha Purohitanand Kuar,/artist/rehana-mirza|/artist/shamim|/artist/om-pawar|/artist/shiv-ram|/artist/master-alauddin-8|/artist/shobha-purohitanand-kuar-4,03:01,https://gaana.com//song/kulkhana-ki-raand
Rang Rasiya Re,Suresh Wadkar|Alka Yagnik,/artist/suresh-wadkar|/artist/alka-yagnik,05:00,https://gaana.com//song/rang-rasiya-re
Roopiyo To Le Main,Anupama Deshpande|Jaspal Singh,/artist/anupama-deshpande|/artist/jaspal-singh,03:00,https://gaana.com//song/roopiyo-to-le-main
Main To Pyar Karyo,Alka Yagnik|Sameer Date,/artist/alka-yagnik|/artist/sameer-date,05:58,https://gaana.com//song/main-to-pyar-karyo
Diggi Puri Ka Raja,Subhash Todwal|R.P. Nag,/artist/subhash-todwal|/artist/rp-nag,05:31,https://gaana.com//song/diggi-puri-ka-raja
Mhara The Dhani Ho Gopal,Asha Bhosle|Mahendra Kapoor,/artist/asha-bhosle-1|/artist/mahendra-kapoor,04:03,https://gaana.com//song/mhara-the-hi-dhani-ho-gopal
Chhori Jhunjhuna Wali,Ikram Rajasthani,/artist/ikram-rajasthani,04:13,https://gaana.com//song/chhori-jhunjhuna-wali
Chand Jero Mukhro,Kaluram Prajapati|Shamim Khan,/artist/kaluram-prajapati|/artist/shamim-khan,03:05,https://gaana.com//song/chand-jero-mukhro
Laambi Si Loogai,Master Alauddin,/artist/master-alauddin-5,02:22,https://gaana.com//song/laambi-si-loogai
Kaanha Re Girdhari-Part - 1,Suresh Wadkar|Anand Kumar,/artist/suresh-wadkar|/artist/anand-kumar,04:00,https://gaana.com//song/kaanha-re-girdhari-part-1
Payal Ki Jhankar,Kamla Goel,/artist/kamla-goel,03:21,https://gaana.com//song/payal-ki-jhankar
Gujari Dene Lagi Tana,Anup Jalota|Shakuntala Joshi,/artist/anup-jalota|/artist/shakuntala-joshi,10:16,https://gaana.com//song/gujari-dene-lagi-tana
Ud Ud Re Mahara Kala Re Kagla,Rehana Mirza,/artist/rehana-mirza,03:12,https://gaana.com//song/ud-ud-re-mahara-kala-re-kagla
Bhaat Nyutan Aai,Chandrani Mukherjee|Sudha Malhotra,/artist/chandrani-mukherjee|/artist/sudha-malhotra,05:01,https://gaana.com//song/bhaat-nyutan-aai-bhaat
Balam Chhoto So,Kaluram Prajapati|Shamim Khan,/artist/kaluram-prajapati|/artist/shamim-khan,03:16,https://gaana.com//song/balam-chhoto-so-4
Gale Mein Hone Ro Doro,Ramila Gahlot|Pushpa Gahlot,/artist/ramila-gahlot|/artist/pushpa-gahlot,04:00,https://gaana.com//song/gale-mein-hone-ro-doro
Mor Bole Re,Moti Lal Bohra,/artist/moti-lal-bohra,03:17,https://gaana.com//song/mor-bole-re
Kavai Thasun Saajana,Alka Yagnik,/artist/alka-yagnik,05:44,https://gaana.com//song/kavai-thasun-saajana
Dhola Ji Dhola Kaeen Karo Sahelyo,Chandrani Mukherjee|Dilraj Kaur|Sudha Malhotra,/artist/chandrani-mukherjee|/artist/dilraj-kaur|/artist/sudha-malhotra,04:15,https://gaana.com//song/dhola-ji-dhola-kaeen-karo-sahelyo-biyana
Maharaja Bharat Hari,Chunni Jaipuri|dayal pawar,/artist/chunni-jaipuri-3|/artist/dayal-pawar,05:41,https://gaana.com//song/maharaja-bharat-hari
Dandi Dandi Chalti Re,Shamim Khan,/artist/shamim-khan,03:15,https://gaana.com//song/dandi-dandi-chalti-re
O Re Dhola,Ila Arun|Chorus,/artist/ila-arun|/artist/chorus,06:16,https://gaana.com//song/o-re-dhola
Aarti,Rehana Mirza|Chunni Jaipuri|Parveen Mirza|Mohan Singh|Ikram Rajasthani|Badruddin|Moti Lal Bohra,/artist/rehana-mirza|/artist/chunni-jaipuri-3|/artist/parveen-mirza|/artist/mohan-singh|/artist/ikram-rajasthani|/artist/badruddin|/artist/moti-lal-bohra,06:01,https://gaana.com//song/aarti-266
Kallali,Allah Jilai Bai,/artist/allah-jilai-bai,11:01,https://gaana.com//song/kallali
Hath Men Choorhi,Badruddin,/artist/badruddin,03:36,https://gaana.com//song/hath-men-choorhi
Ooncho Ooncho Ghaghro,Alka Yagnik,/artist/alka-yagnik,04:00,https://gaana.com//song/ooncho-ooncho-ghaghro
Baba Ramdeo Ji Ri Mahima,Asha Bhosle|Mahendra Kapoor,/artist/asha-bhosle-1|/artist/mahendra-kapoor,06:21,https://gaana.com//song/baba-ramdeo-ji-ri-mahima
Nanad Bhabhi Ri Chheda Chhedi,Dilraj Kaur|Jyoti,/artist/dilraj-kaur|/artist/jyoti,03:43,https://gaana.com//song/nanad-bhabhi-ri-chheda-chhedi
Hello,Rajkamal,/artist/rajkamal,07:34,https://gaana.com//song/hello-1222
Gadi Chaale Hai Aari Aari,Shakuntala Joshi,/artist/shakuntala-joshi,05:55,https://gaana.com//song/gadi-chaale-hai-aari-aari
Pachhe Mhen Kyun Jawa Pardes,Kaluram Prajapati,/artist/kaluram-prajapati,04:42,https://gaana.com//song/pachhe-mhen-kyun-jawa-pardes
Halo Halo Runeche Haalan,Asha Bhosle|Mahendra Kapoor,/artist/asha-bhosle-1|/artist/mahendra-kapoor,05:45,https://gaana.com//song/halo-halo-runeche-haalan
Jimo Jimo Mhara Madan Gopal,Anuradha Paudwal,/artist/anuradha-paudwal-2,04:04,https://gaana.com//song/jimo-jimo-mhara-madan-gopal
Mhari Haldi Ro Rang Surang,Kushal Barath|Sathi,/artist/kushal-barath|/artist/sathi,05:09,https://gaana.com//song/mhari-haldi-ro-rang-surang
Mere Haath Mein Chudla Khanke,Ila Arun,/artist/ila-arun,04:08,https://gaana.com//song/mere-haath-mein-chudla-khanke
Bankhand Ki Koyal,Sudha Malhotra,/artist/sudha-malhotra,06:19,https://gaana.com//song/bankhand-ki-koyal-bidai
Gori Gaon Ri Jawe,Badruddin|Shamim Khan,/artist/badruddin|/artist/shamim-khan,03:37,https://gaana.com//song/gori-gaon-ri-jawe
Baja Baja Re Sapera Been Hole Hole,Mohammad Aziz|Anuradha Paudwal,/artist/mohammad-aziz|/artist/anuradha-paudwal-2,06:00,https://gaana.com//song/baja-baja-re-sapera-been-hole-hole
Paapri Navdi Doobe Re,Badripawar|Jaspinder Narula,/artist/badripawar|/artist/jaspinder-narula,04:59,https://gaana.com//song/paapri-navdi-doobe-re
Darbadriro Pani Sayyian,Parvin|Rehana|Naseem Banu,/artist/parvin|/artist/rehana|/artist/naseem-banu-6,03:14,https://gaana.com//song/darbadriro-pani-sayyian
Mela Mein Le Chal Sajna,Ila Arun|Chorus,/artist/ila-arun|/artist/chorus,07:39,https://gaana.com//song/mela-mein-le-chal-sajna
Dheere Chal Re Panihari,Heman Verma,/artist/heman-verma,05:56,https://gaana.com//song/dheere-chal-re-panihari
Lyade Re Lyade,Mahendra Kapoor|Jaspal Singh,/artist/mahendra-kapoor|/artist/jaspal-singh,03:00,https://gaana.com//song/lyade-re-lyade
Mati Bolo Sasuji,Kaluram Prajapati,/artist/kaluram-prajapati,05:13,https://gaana.com//song/mati-bolo-sasuji
Bhaya Chil Gadi Aagi Re,Master Alauddin,/artist/master-alauddin-13,03:09,https://gaana.com//song/bhaya-chil-gadi-aagi-re
Main To Leke Aaya Thare Baaraat,Dilraj Kaur|Mahendra Kapoor,/artist/dilraj-kaur|/artist/mahendra-kapoor,05:09,https://gaana.com//song/main-to-leke-aaya-thare-baaraat
Paniro Barsade De,Shilpi Mathur,/artist/shilpi-mathur,05:24,https://gaana.com//song/paniro-barsade-de
Umrao Thari Boli Pyari Lage,Mahendra Kapoor|Sarita Goswami|Gyanesh Wari Sharma,/artist/mahendra-kapoor|/artist/sarita-goswami|/artist/gyanesh-wari-sharma-2,05:11,https://gaana.com//song/umrao-thari-1
Balam Thari Olrhu,Shamim Khan,/artist/shamim-khan,04:19,https://gaana.com//song/balam-thari-olrhu
Umrao Thari Boli Pyari Lage,Ahendra Kaur|Sarita Goswami|Gyanesh Wari Sharma,/artist/ahendra-kaur|/artist/sarita-goswami|/artist/gyanesh-wari-sharma-4,05:09,https://gaana.com//song/umrao-thari-boli-pyari-lage
Ho Maharo,Rehana Mirza,/artist/rehana-mirza,03:47,https://gaana.com//song/ho-maharo
Aayo He Heli Mharo Ladalro,Chandrani Mukherjee,/artist/chandrani-mukherjee,05:23,https://gaana.com//song/aayo-he-heli-mharo-ladalro-banra
Kat Khayo Bichhoorho,Maidass|Nima Devi|Rajkanya,/artist/maidass|/artist/nima-devi|/artist/rajkanya,03:01,https://gaana.com//song/kat-khayo-bichhoorho
Tharo Mharo Heth,Jaishri Shivram|Sonali Vajpayee,/artist/jaishri-shivram|/artist/sonali-vajpayee,02:00,https://gaana.com//song/tharo-mharo-heth
Halo Vinayak Aapa,Kushal Barath|Sathi,/artist/kushal-barath|/artist/sathi,07:44,https://gaana.com//song/halo-vinayak-aapa
Kan Kan Su Goonje Rajasthan,Alka Yagnik,/artist/alka-yagnik,09:47,https://gaana.com//song/kan-kan-su-goonje-rajasthan
Poonam Raate,Suryakamal|Derik|Dipmala|Badripawar,/artist/suryakamal|/artist/derik|/artist/dipmala|/artist/badripawar,04:17,https://gaana.com//song/poonam-raate
Na Main Radha Na Main Meera,Asha Bhosle|Mahendra Kapoor,/artist/asha-bhosle-1|/artist/mahendra-kapoor,06:01,https://gaana.com//song/na-main-radha-na-main-meera
Chaal Gordi Jepariye,A.K. Vyas|Shanti Purohit,/artist/ak-vyas|/artist/shanti-purohit,03:04,https://gaana.com//song/chaal-gordi-jepariye
Umraav Thari Soorat,Shilpi Mathur,/artist/shilpi-mathur,05:46,https://gaana.com//song/umraav-thari-soorat
Jalare,Shobha Purohit,/artist/shobha-purohit,03:26,https://gaana.com//song/jalare
Paheliyan,Chunni Jaipuri|Urmila Khanna|Mehrunissa|Mohan Singh Itawa|Hanuman Sahay|Kalyan Sahai Sharma|Badruddin,/artist/chunni-jaipuri-3|/artist/urmila-khanna|/artist/mehrunissa-1|/artist/mohan-singh-itawa|/artist/hanuman-sahay|/artist/kalyan-sahai-sharma|/artist/badruddin,06:19,https://gaana.com//song/paheliyan
Mor Bole Re,Shilpi Mathur|Sanjay Raizada,/artist/shilpi-mathur|/artist/sanjay-raizada,06:22,https://gaana.com//song/mor-bole-re-4
Boi Tambura,Kaluram Prajapati,/artist/kaluram-prajapati,03:05,https://gaana.com//song/boi-tambura
Dilli Darwaje Kaaman,Chandrani Mukherjee|Dilraj Kaur|Sudha Malhotra,/artist/chandrani-mukherjee|/artist/dilraj-kaur|/artist/sudha-malhotra,04:36,https://gaana.com//song/dilli-darwaje-kaaman-kaaman
Ho Maharo Naam Chhutki,Rehana Mirza,/artist/rehana-mirza,03:45,https://gaana.com//song/ho-maharo-naam-chhutki
Doha Kesariyo,Rajkamal,/artist/rajkamal,01:12,https://gaana.com//song/doha-kesariyo
Piyoji Mausam Ayo Re,Papiha,/artist/papiha,03:22,https://gaana.com//song/piyoji-mausam-ayo-re
Moria Achhi Boliyan Re,Shamim Khan|Gopal Lal Vohra,/artist/shamim-khan|/artist/gopal-lal-vohra,03:19,https://gaana.com//song/moria-achhi-boliyan-re
Harishchandra Raja Amar Ravaigo Tharo Naam Re,Suresh Wadkar,/artist/suresh-wadkar,12:17,https://gaana.com//song/harishchandra-raja-amar-ravaigo-tharo-naam-re
Banna O Bann O,Kushal Barath|Sathi,/artist/kushal-barath|/artist/sathi,06:08,https://gaana.com//song/banna-o-bann-o
Kaaj Liye Angrakhi,Ramila Gahlot|Pushpa Gahlot,/artist/ramila-gahlot|/artist/pushpa-gahlot,04:00,https://gaana.com//song/kaaj-liye-angrakhi
Thare Ke Dukhe Re,Kaluram Prajapati|Shamim Khan,/artist/kaluram-prajapati|/artist/shamim-khan,02:46,https://gaana.com//song/thare-ke-dukhe-re
Bol Panchhira Re,Baby Farida|Dalpat Dangi|Gori Munni|Nasim Khan|Pramod Mathur|Rehana Mirza,/artist/baby-farida|/artist/dalpat-dangi|/artist/gori-munni|/artist/nasim-khan|/artist/pramod-mathur|/artist/rehana-mirza,05:38,https://gaana.com//song/bol-panchhira-re
Pardesio Le Gayo Nindrali,Naseem Mirza,/artist/naseem-mirza,03:12,https://gaana.com//song/pardesio-le-gayo-nindrali
Vivah Geet,dayal pawar|Anand Kaur Bohra,/artist/dayal-pawar|/artist/anand-kaur-bohra-1,06:02,https://gaana.com//song/vivah-geet-4
Roopido,Chunni Jaipuri,/artist/chunni-jaipuri-3,02:36,https://gaana.com//song/roopido-1
Lahnge Mein Keri,Suresh Wadkar|Alka Yagnik,/artist/suresh-wadkar|/artist/alka-yagnik,04:00,https://gaana.com//song/lahnge-mein-keri
Jhalo Masoo Diyo Na Jaye,Allah Jilai Bai,/artist/allah-jilai-bai,10:36,https://gaana.com//song/jhalo-masoo-diyo-na-jaye
Badali Barse Kyuniee,Mamta Singh,/artist/mamta-singh,05:03,https://gaana.com//song/badali-barse-kyuniee
Joban Dato Date Nahin,Ikram Rajasthani|Afroze Bano,/artist/ikram-rajasthani|/artist/afroze-bano-1,03:24,https://gaana.com//song/joban-dato-date-nahin
Gordi Kar Solah Singar,Poornima|Jyoti Ray,/artist/poornima|/artist/jyoti-ray,07:40,https://gaana.com//song/gordi-kar-solah-singar
Jalalo Bilalo,Suraiya Bano|Saira Bano,/artist/suraiya-bano|/artist/saira-bano,03:10,https://gaana.com//song/jalalo-bilalo-1
Saanchaai Mhara Rasiya,Suresh Wadkar|Saraswati Devi,/artist/suresh-wadkar|/artist/saraswati-devi,05:00,https://gaana.com//song/saanchaai-mhara-rasiya
Malan Thare Bag Men Narangi Latke,Baby Farida,/artist/baby-farida,04:05,https://gaana.com//song/malan-thare-bag-men-narangi-latke
Padgi Padgi Padgi Mhare Pale,A.K. Vyas|Sumitra Lahiri,/artist/ak-vyas|/artist/sumitra-lahiri,03:17,https://gaana.com//song/padgi-padgi-padgi-mhare-pale
Udiapur Ki Tamolan Banri Paan Chabaye,Chandrani Mukherjee,/artist/chandrani-mukherjee,04:41,https://gaana.com//song/udiapur-ki-tamolan-banri-paan-chabaye-banri
Josi Ji Ri Ali-Gali,Parmar|Parman,/artist/parmar|/artist/parman-2,05:03,https://gaana.com//song/josi-ji-ri-ali-gali
Talerya Magarya,Banarsi Lal Jhori|Saira Bano,/artist/banarsi-lal-jhori|/artist/saira-bano,03:04,https://gaana.com//song/talerya-magarya
Jiro Jiv Ro Bairy Re,Kaluram Prajapati,/artist/kaluram-prajapati,06:02,https://gaana.com//song/jiro-jiv-ro-bairy-re
Runiche Wala Darshan Dijyo Mhane,Moolchand Maroo,/artist/moolchand-maroo-15,05:37,https://gaana.com//song/runiche-wala-darshan-dijyo-mhane
Main To Bangi Jogan Thari,Asha Bhosle,/artist/asha-bhosle-1,03:52,https://gaana.com//song/main-to-bangi-jogan-thari
Moria,Shamim Khan|Gopal Lal Vohra,/artist/shamim-khan|/artist/gopal-lal-vohra,03:02,https://gaana.com//song/moria-1
Satrah Baras Ki Ho Gai Aaj,Anupama Deshpande,/artist/anupama-deshpande,06:00,https://gaana.com//song/satrah-baras-ki-ho-gai-aaj
Bhanwar Mhare Phaganiyo Rangade,Ramila Gahlot,/artist/ramila-gahlot,05:00,https://gaana.com//song/bhanwar-mhare-phaganiyo-rangade
Algoza,Kohinoor Langa|Party,/artist/kohinoor-langa|/artist/party,05:59,https://gaana.com//song/algoza-lok-dhun-1
Pinghat Pani,Seema Mishra,/artist/seema-mishra,05:28,https://gaana.com//song/pinghat-pani
Ae Khuda Tu Kanha Ne,Mohammad Aziz|Tilak Raaj|Mukesh Shivram,/artist/mohammad-aziz|/artist/tilak-raaj|/artist/mukesh-shivram-1,07:24,https://gaana.com//song/ae-khuda-tu-kanha-ne
Algoza,Seema Mishra,/artist/seema-mishra,04:11,https://gaana.com//song/algoza
Pelo Nom Leejo,Mali Chhawarlal Gahlot|Ganpat Joshi,/artist/mali-chhawarlal-gahlot|/artist/ganpat-joshi,04:00,https://gaana.com//song/pelo-nom-leejo
Piya Ki Najar Mhare Kajal Men,Rajni Pandey,/artist/rajni-pandey,03:04,https://gaana.com//song/piya-ki-najar-mhare-kajal-men
Chirmi,Anand Kaur Bohra,/artist/anand-kaur-bohra-3,02:58,https://gaana.com//song/chirmi-2
Mandir Chho Mukti Tana  Ratnakar Pachchisi,Shri Bhawar Chaudhari|Chorus,/artist/shri-bhawar-chaudhari|/artist/chorus,24:44,https://gaana.com//song/mandir-chho-mukti-tana-ratnakar-pachchisi
Ek Hans Aur Ek Hansani,Suresh Wadkar|Sadhana Sargam,/artist/suresh-wadkar|/artist/sadhana-sargam-1,04:11,https://gaana.com//song/ek-hans-aur-ek-hansani
Bichhad Gayo Hansaro Jodo - Sad,Jaishri Shivram|Sonali Vajpayee,/artist/jaishri-shivram|/artist/sonali-vajpayee,02:00,https://gaana.com//song/bichhad-gayo-hansaro-jodo-sad
Manush Ho To Wahi Raskhan,Madhvi Pendharkar,/artist/madhvi-pendharkar,04:59,https://gaana.com//song/manush-ho-to-wahi-raskhan
Roomal,Rehana Mirza,/artist/rehana-mirza,03:04,https://gaana.com//song/roomal-1
Raja Bali Ke Machi Holi,Ramila Gahlot|Pushpa Gahlot,/artist/ramila-gahlot|/artist/pushpa-gahlot,04:00,https://gaana.com//song/raja-bali-ke-machi-holi
Neni Nandal Buje,Ramila Gahlot|Ganpat Joshi|Devendra Dev,/artist/ramila-gahlot|/artist/ganpat-joshi|/artist/devendra-dev,03:00,https://gaana.com//song/neni-nandal-buje
Tel Beetgo,Ikram Rajasthani|Rehana,/artist/ikram-rajasthani|/artist/rehana,02:52,https://gaana.com//song/tel-beetgo
Rang Rangeeli Holi,Raj Bhora|Gopal Bohra|Anupama Deshpande|Chorus,/artist/raj-bhora|/artist/gopal-bohra|/artist/anupama-deshpande|/artist/chorus,04:00,https://gaana.com//song/rang-rangeeli-holi
Thumko,Aruna Sharma|Ikram Rajasthani,/artist/aruna-sharma|/artist/ikram-rajasthani,04:41,https://gaana.com//song/thumko
Mhane Le Deyo Na Badeela Bana Taaran Bhart Choonari,Dilraj Kaur,/artist/dilraj-kaur,03:52,https://gaana.com//song/mhane-le-deyo-na-badeela-bana-taaran-bhart-choonari-banri
Thanai Halriyo Sunaau,Anuradha Paudwal,/artist/anuradha-paudwal-2,04:02,https://gaana.com//song/thanai-halriyo-sunaau
Pair Le Pilo Ghagro,Gopal Lal Vohra|Kamla Thakur,/artist/gopal-lal-vohra|/artist/kamla-thakur,03:13,https://gaana.com//song/pair-le-pilo-ghagro
Oji O Badila,Suresh Wadkar|Sadhana Sargam,/artist/suresh-wadkar|/artist/sadhana-sargam-1,03:45,https://gaana.com//song/oji-o-badila
Ae Mare Gaon Ri Chhori,Chandra Prakash Parihar,/artist/chandra-prakash-parihar,04:47,https://gaana.com//song/ae-mare-gaon-ri-chhori
O Bhabi Nach Le Bekhatke,Master Alauddin|Rehana Mirza,/artist/master-alauddin-5|/artist/rehana-mirza,03:19,https://gaana.com//song/o-bhabi-nach-le-bekhatke
Maan Ja Re Chhaila Maan Ja,Suresh Wadkar|Sadhana Sargam,/artist/suresh-wadkar|/artist/sadhana-sargam-1,04:00,https://gaana.com//song/maan-ja-re-chhaila-maan-ja
Hindo Mhane De O Sa,Ila Arun,/artist/ila-arun,04:45,https://gaana.com//song/hindo-mhane-de-o-sa
Bheeje Ghagro Mharo,Banarsi Lal Jhori|Saira Bano,/artist/banarsi-lal-jhori|/artist/saira-bano,02:27,https://gaana.com//song/bheeje-ghagro-mharo
Julam Chhoriya Faishon Men,Babulal Rai,/artist/babulal-rai,03:12,https://gaana.com//song/julam-chhoriya-faishon-men
Baba Banjeyo Mati Re,Shakuntala Joshi,/artist/shakuntala-joshi,05:33,https://gaana.com//song/baba-banjeyo-mati-re
Engine Chalio Chhak Pak,Madna Devi Banawat,/artist/madna-devi-banawat,03:39,https://gaana.com//song/engine-chalio-chhak-pak
Luk Luk Dekhe Munh Se Na Bole Chhaliyo,Asha Bhosle,/artist/asha-bhosle-1,04:19,https://gaana.com//song/luk-luk-dekhe-munh-se-na-bole-chhaliyo
Bhakhar Mein Dhamida Uthe,Ramila Gahlot|Pushpa Gahlot,/artist/ramila-gahlot|/artist/pushpa-gahlot,05:00,https://gaana.com//song/bhakhar-mein-dhamida-uthe
Mhane Ghano Suvave Saasro,Aarti Mukherji,/artist/aarti-mukherji,03:18,https://gaana.com//song/mhane-ghano-suvave-saasro
Aaijo Bind Raja,Kaluram Prajapati,/artist/kaluram-prajapati,07:27,https://gaana.com//song/aaijo-bind-raja
Thummak Thummak Nach Nache,Sulakshana Pandit|Vijayta Pandit,/artist/sulakshana-pandit|/artist/vijayta-pandit,03:49,https://gaana.com//song/thummak-thummak-nach-nache
Le Dekh Nangi Melo,Rehana Mirza|Ikram Rajasthani,/artist/rehana-mirza|/artist/ikram-rajasthani,02:39,https://gaana.com//song/le-dekh-nangi-melo
Oondra Oondry,Kaluram Prajapati,/artist/kaluram-prajapati,03:03,https://gaana.com//song/oondra-oondry
Le Bethja Danda Male,Rehana Mirza|Ikram Rajasthani,/artist/rehana-mirza|/artist/ikram-rajasthani,03:01,https://gaana.com//song/le-bethja-danda-male
Kori Kori Kanchan Kaaya,Anuradha Paudwal,/artist/anuradha-paudwal-2,07:12,https://gaana.com//song/kori-kori-kanchan-kaaya
Mata Trishala Jhulave Putra Parne,Shri Bhawar Chaudhari|Chorus,/artist/shri-bhawar-chaudhari|/artist/chorus,20:24,https://gaana.com//song/mata-trishala-jhulave-putra-parne
Chhail Chhabili Naar,Tilak Raaj|Jayashri Shivram,/artist/tilak-raaj|/artist/jayashri-shivram,05:19,https://gaana.com//song/chhail-chhabili-naar-1
Kanha Re Bego Aa,Anuradha Paudwal,/artist/anuradha-paudwal-2,06:11,https://gaana.com//song/kanha-re-bego-aa
Panihari,Aruna Rathore|Fateh Kumar Vyas|Kamla Goel|Sheela Vyas,/artist/aruna-rathore|/artist/fateh-kumar-vyas|/artist/kamla-goel|/artist/sheela-vyas,03:35,https://gaana.com//song/panihari-1
Rayo Kanwara Tabriyo,Kaluram Prajapati,/artist/kaluram-prajapati,05:40,https://gaana.com//song/rayo-kanwara-tabriyo
Holi Ko Mujro Chhe,Ila Arun,/artist/ila-arun,05:23,https://gaana.com//song/holi-ko-mujro-chhe
Thele Wala Rukja,Urmila Khanna|Hanuman Sahay,/artist/urmila-khanna|/artist/hanuman-sahay,02:56,https://gaana.com//song/thele-wala-rukja
Chhappar Purana,Allah Jilai Bai,/artist/allah-jilai-bai,11:01,https://gaana.com//song/chhappar-purana
Bajriya Tharo Khichado,Kaluram Prajapati,/artist/kaluram-prajapati,04:44,https://gaana.com//song/bajriya-tharo-khichado
Chang Dheero Re Bajawan Wala,Rajprabha Pangadiya|Raj Bala|Radha Maheshwari,/artist/rajprabha-pangadiya|/artist/raj-bala|/artist/radha-maheshwari,08:28,https://gaana.com//song/chang-dheero-re-bajawan-wala
Haajar Ooba Resa Sirdar Banna,Kushal Barath|Sathi,/artist/kushal-barath|/artist/sathi,11:55,https://gaana.com//song/haajar-ooba-resa-sirdar-banna
Bai Sara Beera Pihariye,Anuradha Prakash,/artist/anuradha-prakash,07:00,https://gaana.com//song/bai-sara-beera-pihariye
Terikot Ko Lahengo,Rehana Mirza|Mohan Singh Itawa,/artist/rehana-mirza|/artist/mohan-singh-itawa,03:29,https://gaana.com//song/terikot-ko-lahengo
"Mahi Ve Sanu Bhul (From ""Malangi"")",Noor Jehan,/artist/noor-jehan,03:21,https://gaana.com//song/mahi-ve-sanu-bhul-from-malangi
Gori Jhoomko Tharo,Chunni Jaipuri|Bhairav Prasad Kathak,/artist/chunni-jaipuri-3|/artist/bhairav-prasad-kathak,02:55,https://gaana.com//song/gori-jhoomko-tharo
O Phagan Aayo,Ramila Gahlot,/artist/ramila-gahlot,05:00,https://gaana.com//song/o-phagan-aayo
Mumal,Bhawana Lonkar,/artist/bhawana-lonkar,07:41,https://gaana.com//song/mumal-10
Ram Rasiya,Shobha Purohit,/artist/shobha-purohit,02:04,https://gaana.com//song/ram-rasiya
Anguli Pakad Mera,Alka Yagnik|Jaspal Singh,/artist/alka-yagnik|/artist/jaspal-singh,06:58,https://gaana.com//song/anguli-pakad-mera
Moriyo Bolyo,Shakuntala Joshi,/artist/shakuntala-joshi,04:25,https://gaana.com//song/moriyo-bolyo-bolyo-medi-jaye
Ek Myaan Mein Do Talwara,Jaishri Shivram|Sonali Vajpayee,/artist/jaishri-shivram|/artist/sonali-vajpayee,04:00,https://gaana.com//song/ek-myaan-mein-do-talwara
Mhari Deorani Jethani,Changani Krishna Vyas,/artist/changani-krishna-vyas,03:19,https://gaana.com//song/mhari-deorani-jethani
Mata Gorja Ae,JAISRI SHIVRAM,/artist/jaisri-shivram,06:03,https://gaana.com//song/mata-gorja-ae
Jane Kunki Najriyan Lagi,Rehana Mirza,/artist/rehana-mirza,02:40,https://gaana.com//song/jane-kunki-najriyan-lagi
Panihari,Allah Jilai Bai,/artist/allah-jilai-bai,08:46,https://gaana.com//song/panihari
Hatvaro,Master Alauddin|Rehana Mirza,/artist/master-alauddin-5|/artist/rehana-mirza,03:30,https://gaana.com//song/hatvaro
Mhari Hatheleon Ri Beech,Shakuntala Joshi|Anand Kaur Bohra,/artist/shakuntala-joshi|/artist/anand-kaur-bohra-2,02:49,https://gaana.com//song/mhari-hatheleon-ri-beech
Oonchi Medi Ujali,Ramila Gahlot|Ganpat Joshi|Devendra Dev,/artist/ramila-gahlot|/artist/ganpat-joshi|/artist/devendra-dev,07:00,https://gaana.com//song/oonchi-medi-ujali
Dole Dole Manro Dole,Shakuntala Joshi,/artist/shakuntala-joshi,03:13,https://gaana.com//song/dole-dole-manro-dole
Mhara Baba Saro Khet,Babulal Rai|Dhira Ghosh,/artist/babulal-rai|/artist/dhira-ghosh,02:45,https://gaana.com//song/mhara-baba-saro-khet
Rate To Sasuji Thora,Ramila Gahlot|Pushpa Gahlot,/artist/ramila-gahlot|/artist/pushpa-gahlot,04:00,https://gaana.com//song/rate-to-sasuji-thora
Thari Oonhu Oonhu Men Raat,Banarsi Lal Jhori|Saira Bano,/artist/banarsi-lal-jhori|/artist/saira-bano,03:07,https://gaana.com//song/thari-oonhu-oonhu-men-raat
Mangi Lal Darzi,Shakuntala Joshi|Master Alauddin,/artist/shakuntala-joshi|/artist/master-alauddin-12,03:01,https://gaana.com//song/mangi-lal-darzi
Dhola Mat Pio Daru,Chunni Jaipuri,/artist/chunni-jaipuri-3,03:07,https://gaana.com//song/dhola-mat-pio-daru
Jeejo Beimani Kar Gyo Re,Babulal Rai|Dhira Ghosh,/artist/babulal-rai|/artist/dhira-ghosh,02:36,https://gaana.com//song/jeejo-beimani-kar-gyo-re
Main Thare Nahin Reoonli,Babulal Rai|Dhira Ghosh,/artist/babulal-rai|/artist/dhira-ghosh,02:58,https://gaana.com//song/main-thare-nahin-reoonli
Mati Bolo Aada Teda Bol,Kushal Barath|Sathi,/artist/kushal-barath|/artist/sathi,01:50,https://gaana.com//song/mati-bolo-aada-teda-bol
Saram Kar Mat Ban,Mohan Singh Itawa,/artist/mohan-singh-itawa,02:48,https://gaana.com//song/saram-kar-mat-ban
Sahar Mein Dango Ho Gayo,Anupama Deshpande,/artist/anupama-deshpande,05:00,https://gaana.com//song/sahar-mein-dango-ho-gayo
He Marwar Ko Chhailo,Chunni Jaipuri,/artist/chunni-jaipuri-3,03:02,https://gaana.com//song/he-marwar-ko-chhailo
Thanai Halriyo Sunaau (Sad),Anuradha Paudwal,/artist/anuradha-paudwal-2,02:22,https://gaana.com//song/thanai-halriyo-sunaau-sad
Matvali Gujri,Tejkaran Rao,/artist/tejkaran-rao,02:35,https://gaana.com//song/matvali-gujri
Chhappar Purana,Aruna Rathore|Kamla Goel|Sheela Vyas|Fateh Kumar Vyas,/artist/aruna-rathore|/artist/kamla-goel|/artist/sheela-vyas|/artist/fateh-kumar-vyas,03:02,https://gaana.com//song/chhapar-purana
Baaga Mein Baaje Jangi Dhol,Kushal Barath|Sathi,/artist/kushal-barath|/artist/sathi,02:45,https://gaana.com//song/baaga-mein-baaje-jangi-dhol
Savaniya Rer Teej,Aarti Mukherji,/artist/aarti-mukherji,03:01,https://gaana.com//song/savaniya-rer-teej
Om Namo Arihantan,Shri Bhawar Chaudhari|Chorus,/artist/shri-bhawar-chaudhari|/artist/chorus,03:51,https://gaana.com//song/om-namo-arihantan
Ji Toda Ra Dhol Ghuray,Kushal Barath|Sathi,/artist/kushal-barath|/artist/sathi,02:39,https://gaana.com//song/ji-toda-ra-dhol-ghuray
Umrao Thari Majlis Pyari Lage,Ila Arun,/artist/ila-arun,04:34,https://gaana.com//song/umrao-thari-majlis-pyari-lage
Thathera Chhota Lal,Tejkaran Rao,/artist/tejkaran-rao,02:04,https://gaana.com//song/thathera-chhota-lal
Balam Chhoto So,Kamla Goel,/artist/kamla-goel,03:06,https://gaana.com//song/balam-chhotoso
Meri Aa Gayo Raat Atariya Mein,Jahoor Master,/artist/jahoor-master,07:00,https://gaana.com//song/meri-aa-gayo-raat-atariya-mein
Koi Jake Runecha Bas Itna Mera Yeh Sandesa Kah Dena,Moolchand Maroo,/artist/moolchand-maroo-10,06:23,https://gaana.com//song/koi-jake-runecha-bas-itna-mera-yeh-sandesa-kah-dena
Dhaniya Bina Re Helo Kun Saanbhsi,Moolchand Maroo,/artist/moolchand-maroo-14,04:39,https://gaana.com//song/dhaniya-bina-re-helo-kun-saanbhsi
Mohabbat Ki Bhooki Re,Chunni Jaipuri|Bhairav Prasad Kathak,/artist/chunni-jaipuri-3|/artist/bhairav-prasad-kathak,02:43,https://gaana.com//song/mohabbat-ki-bhooki-re
Ghodi Kare Ji Aaka Ji Jaaka,Kushal Barath|Sathi,/artist/kushal-barath|/artist/sathi,02:15,https://gaana.com//song/ghodi-kare-ji-aaka-ji-jaaka
Dekhe Mahara Balma,Saraswati Devi Dhandra,/artist/saraswati-devi-dhandra-4,03:24,https://gaana.com//song/dekhe-mahara-balma
Chhori Pyaro Balam Chooto,Master Kesarilal Gandharv,/artist/master-kesarilal-gandharv,02:53,https://gaana.com//song/chhori-pyaro-balam-chooto
Pardesi Babu Ek Baar,Chunni Jaipuri,/artist/chunni-jaipuri-3,02:50,https://gaana.com//song/pardesi-babu-ek-baar
Lehariye Ra Nav Sau Rupiya,Alka Yagnik|A. K. Vyas,/artist/alka-yagnik|/artist/a-k-vyas,05:35,https://gaana.com//song/lehariye-ra-nav-sau-rupiya
Balakadi Panihaari,Shilpi Mathur,/artist/shilpi-mathur,07:20,https://gaana.com//song/balakadi-panihaari
Hanske Batlale Pyaree,Ikram Rajasthani,/artist/ikram-rajasthani,02:28,https://gaana.com//song/hanske-batlale-pyaree
Dagalh Phorh Bhartar,Rehana Mirza,/artist/rehana-mirza,02:36,https://gaana.com//song/dagalh-phorh-bhartar
Mehndi Maarwadi Ranchi Re,Chandrani Mukherjee|Uttara Kelkar,/artist/chandrani-mukherjee|/artist/uttara-kelkar,04:48,https://gaana.com//song/mehndi-maarwadi-ranchi-re
Mhare Kanch Ko Banglo,Alka Yagnik,/artist/alka-yagnik,04:51,https://gaana.com//song/mhare-kanch-ko-banglo
Talriya Magria Re,Kaluram Prajapati,/artist/kaluram-prajapati,05:57,https://gaana.com//song/talriya-magria-re
Chang Ro Ghameed Goonjai,Suresh Wadkar|Sadhana Sargam,/artist/suresh-wadkar|/artist/sadhana-sargam-1,05:30,https://gaana.com//song/chang-ro-ghameed-goonjai
Jeero,Kaluram Prajapati,/artist/kaluram-prajapati,02:40,https://gaana.com//song/jeero-3
Papiho Boliyo Re,Badruddin Malawat|Kamla Goel,/artist/badruddin-malawat|/artist/kamla-goel,03:18,https://gaana.com//song/papiho-boliyo-re
Amba Paaka Ne Aamli,Kushal Barath|Sathi,/artist/kushal-barath|/artist/sathi,02:05,https://gaana.com//song/amba-paaka-ne-aamli
Barsi Re Barsi Birkha,Suresh Wadkar|Anuradha Paudwal,/artist/suresh-wadkar|/artist/anuradha-paudwal-2,06:25,https://gaana.com//song/barsi-re-barsi-birkha
Feshan Hela Deti Aawe Re,Master Alauddin|Rehana Mirza,/artist/master-alauddin-5|/artist/rehana-mirza,02:32,https://gaana.com//song/feshan-hela-deti-aawe-re
Mat Piyo Mhara Chhail Tambakudi,Om Pawar|Pt. Shivram Krishna,/artist/om-pawar|/artist/pt-shivram-krishna,03:20,https://gaana.com//song/mat-piyo-mhara-chhail-tambakudi
Thari Mahari Kaiyaan,Mahendra Kapoor,/artist/mahendra-kapoor,06:37,https://gaana.com//song/thari-mahari-kaiyaan
Mhainmhara Jaithji,Ramila Gahlot|Pushpa Gahlot,/artist/ramila-gahlot|/artist/pushpa-gahlot,04:00,https://gaana.com//song/mhainmhara-jaithji
Jorji Chopawal,Mali Chhawarlal Gahlot|Devendra Dev|Bhanwar Lal Nimaaj,/artist/mali-chhawarlal-gahlot|/artist/devendra-dev|/artist/bhanwar-lal-nimaaj,05:00,https://gaana.com//song/jorji-chopawal
Mana Godiyan Le Lo Chhail,Chhoti Bano Sikarwali,/artist/chhoti-bano-sikarwali,03:42,https://gaana.com//song/mana-godiyan-le-lo-chhail
Main Biraha Ri Mari,Jayshri Shivram,/artist/jayshri-shivram,05:18,https://gaana.com//song/main-biraha-ri-mari
Varsa Mhara Gudla Baadal,Kushal Barath|Sathi,/artist/kushal-barath|/artist/sathi,01:09,https://gaana.com//song/varsa-mhara-gudla-baadal
Devar Ji Aai Holi Aai,Mahendra Kapoor|Sulakshana Pandit,/artist/mahendra-kapoor|/artist/sulakshana-pandit,04:01,https://gaana.com//song/devar-ji-aai-holi-aai
Mahari Gori Badi Nirali,Chandra Prakash Parihar,/artist/chandra-prakash-parihar,04:37,https://gaana.com//song/mahari-gori-badi-nirali
Bharlou Re Dhola,Kaluram Prajapati,/artist/kaluram-prajapati,04:09,https://gaana.com//song/bharlou-re-dhola
Chhamak Chhallo Naam,Kaluram Prajapati,/artist/kaluram-prajapati,04:01,https://gaana.com//song/chhamak-chhallo-naam
Banno Hamari Anmol,Salamat Hussain,/artist/salamat-hussain,04:30,https://gaana.com//song/banno-hamari-anmol-3
Mharo Rang Rangilo,Shobha Gurtu,/artist/shobha-gurtu,04:04,https://gaana.com//song/mharo-rang-rangilo-rajasthan
Satoliya,Ila Arun,/artist/ila-arun,04:17,https://gaana.com//song/satoliya
Tharon Mehlan Men Jhagro,Rajkanya Harsh|Pramod Mathur,/artist/rajkanya-harsh|/artist/pramod-mathur,02:55,https://gaana.com//song/tharon-mehlan-men-jhagro
Main To Nakhrali Naar Bikaner Ki,Dilraj Kaur,/artist/dilraj-kaur,05:07,https://gaana.com//song/main-to-nakhrali-naar-bikaner-ki
Gujar Ki,Rehana Mirza,/artist/rehana-mirza,05:13,https://gaana.com//song/gujar-ki
Kanooda Thari Re Mhane Yaad Satave,Moolchand Maroo,/artist/moolchand-maroo-13,04:28,https://gaana.com//song/kanooda-thari-re-mhane-yaad-satave
Rail Gaadi Aayi,Om Pawar|Pt. Shivram Krishna,/artist/om-pawar|/artist/pt-shivram-krishna,03:18,https://gaana.com//song/rail-gaadi-aayi
Bichorio,Shakuntala Joshi,/artist/shakuntala-joshi,02:49,https://gaana.com//song/bichorio
Are Maigusaro Savere Savere,Malika Pukhraj,/artist/malika-pukhraj,03:21,https://gaana.com//song/are-maigusaro-savere-savere
Mane Godiyan,Chhoti Bano Sikarwali,/artist/chhoti-bano-sikarwali,03:45,https://gaana.com//song/mane-godiyan
Rupidi Pachho De,Kaluram Prajapati,/artist/kaluram-prajapati,04:44,https://gaana.com//song/rupidi-pachho-de
Jhula Pada Kadam Ki Daar,Aarchanarajim Wale,/artist/aarchanarajim-wale,05:06,https://gaana.com//song/jhula-pada-kadam-ki-daar
Dekhe Mahara,Saraswati Devi Dhandra,/artist/saraswati-devi-dhandra-2,03:25,https://gaana.com//song/dekhe-mahara
Lado Bhaut Batko,Om Pawar|Pt. Shivram Krishna,/artist/om-pawar|/artist/pt-shivram-krishna,03:09,https://gaana.com//song/lado-bhaut-batko
Jawai Ji Paona,dayal pawar,/artist/dayal-pawar,03:17,https://gaana.com//song/jawai-ji-paona
Byahan Mhari Ghano Nakhrali,Tejkaran Rao|Badruddin|Chunni Jaipuri|Urmila Khanna,/artist/tejkaran-rao|/artist/badruddin|/artist/chunni-jaipuri-3|/artist/urmila-khanna,03:33,https://gaana.com//song/byahan-mhari-ghano-nakhrali
Tu To A Ghar A Var Maange,Kushal Barath|Sathi,/artist/kushal-barath|/artist/sathi,01:29,https://gaana.com//song/tu-to-a-ghar-a-var-maange
Kuladi Kori Hai,Shakuntala Joshi,/artist/shakuntala-joshi,05:32,https://gaana.com//song/kuladi-kori-hai
Sagar Pani Ne Jadon Sa,Chunni Jaipuri,/artist/chunni-jaipuri-3,02:39,https://gaana.com//song/sagar-pani-ne-jadon-sa
Jad Ray Bar Bando Kaakad Aayo,Kushal Barath|Sathi,/artist/kushal-barath|/artist/sathi,04:49,https://gaana.com//song/jad-ray-bar-bando-kaakad-aayo
Maharo Gorband Lcomarho,Allah Jilai Bai,/artist/allah-jilai-bai,10:34,https://gaana.com//song/maharo-gorband-lcomarho
Gujar Ki Deve Chhe Data,Rehana Mirza,/artist/rehana-mirza,05:01,https://gaana.com//song/gujar-ki-deve-chhe-data
Halo Saheliya Aapa Bheranjire,Kushal Barath|Sathi,/artist/kushal-barath|/artist/sathi,01:36,https://gaana.com//song/halo-saheliya-aapa-bheranjire
Chaali Chaali Sonal Bai Saasriye,Asha Bhosle|Saathi,/artist/asha-bhosle-1|/artist/saathi,08:42,https://gaana.com//song/chaali-chaali-sonal-bai-saasriye
Rudo Batvo Re,Kaluram Prajapati,/artist/kaluram-prajapati,03:17,https://gaana.com//song/rudo-batvo-re
The To Piyo Sadarudi,Rehana Mirza,/artist/rehana-mirza,03:47,https://gaana.com//song/the-to-piyo-sadarudi
Kagaliya Gero Gero Bole Ni Re,Mamta Singh,/artist/mamta-singh,03:34,https://gaana.com//song/kagaliya-gero-gero-bole-ni-re
Tane Nanek Karoon Ke Moti,Aarti Mukherji|Jatin Pandit,/artist/aarti-mukherji|/artist/jatin-pandit,02:25,https://gaana.com//song/tane-nanek-karoon-ke-moti
Moriyo Bolyo,Shakuntala Joshi,/artist/shakuntala-joshi,04:26,https://gaana.com//song/moriyo-bolyo
Bajrio Tharo Khichro,Rajkanya Harsh|chandra shekhar kalla|Pramod Mathur,/artist/rajkanya-harsh|/artist/chandra-shekhar-kalla|/artist/pramod-mathur,02:21,https://gaana.com//song/bajrio-tharo-khichro
Paniro Barsaade Mhari Mat Rai,Saraswati Devi|Gopal Bohra,/artist/saraswati-devi|/artist/gopal-bohra,07:00,https://gaana.com//song/paniro-barsaade-mhari-mat-rai
Suno Chandaji Simandhar Parmatam Pase Javjo,Shri Bhawar Chaudhari|Chorus,/artist/shri-bhawar-chaudhari|/artist/chorus,08:38,https://gaana.com//song/suno-chandaji-simandhar-parmatam-pase-javjo
Mahari Gori,Chandra Prakash Parihar,/artist/chandra-prakash-parihar,04:39,https://gaana.com//song/mahari-gori
Shri Ram Runicha Wale Meri Arji Sun Lena,Moolchand Maroo,/artist/moolchand-maroo-11,04:59,https://gaana.com//song/shri-ram-runicha-wale-meri-arji-sun-lena
Sanjh Paryan Dhola Ghar Aajyo,Papiha,/artist/papiha,02:31,https://gaana.com//song/sanjh-paryan-dhola-ghar-aajyo
O Ji O Bhartar Ji,Hemlata|O. Vyas,/artist/hemlata|/artist/o-vyas-1,04:43,https://gaana.com//song/o-ji-o-bhartar-ji
Tharo Joba Ro Rukhar,Suresh Wadkar|Alka Yagnik,/artist/suresh-wadkar|/artist/alka-yagnik,05:00,https://gaana.com//song/tharo-joba-ro-rukhar
Chand Chadhyo Gignar,Mamta Singh,/artist/mamta-singh,04:13,https://gaana.com//song/chand-chadhyo-gignar-3
Aaja Mhara Balma,Shakuntala Joshi,/artist/shakuntala-joshi,02:02,https://gaana.com//song/aaja-mhara-balma
Mataji Ri Laadli,Hamid Khan,/artist/hamid-khan,03:13,https://gaana.com//song/mataji-ri-laadli
The To Le Chalo Jijaji,Rehana Mirza,/artist/rehana-mirza,03:49,https://gaana.com//song/the-to-1
Moriya Dije Re Sandeso,Asha Bhosle,/artist/asha-bhosle-1,06:07,https://gaana.com//song/moriya-dije-re-sandeso
Jhoothanian Jhoothanian Gori,Rajkanya Harsh|chandra shekhar kalla,/artist/rajkanya-harsh|/artist/chandra-shekhar-kalla,02:35,https://gaana.com//song/jhoothanian-jhoothanian-gori
Roorho Bathuo Re,Kaluram Prajapati,/artist/kaluram-prajapati,02:42,https://gaana.com//song/roorho-bathuo-re
Kanhaiya Mose Karo Na,Aarchanarajim Wale|Madhvi Pendharkar|Archana Saxena,/artist/aarchanarajim-wale|/artist/madhvi-pendharkar|/artist/archana-saxena,03:20,https://gaana.com//song/kanhaiya-mose-karo-na
Gyarsi Gulab Chali Joda Soon,Master Kesarilal Gandharv,/artist/master-kesarilal-gandharv,03:01,https://gaana.com//song/gyarsi-gulab-chali-joda-soon
Om Jai Ajmal Lala,Moolchand Maroo|Shashi Gautam,/artist/moolchand-maroo-8|/artist/shashi-gautam-2,03:59,https://gaana.com//song/om-jai-ajmal-lala-aarti
Ram Dhaniyo,Kamla Thakur,/artist/kamla-thakur,02:02,https://gaana.com//song/ram-dhaniyo
Umrao Thari Surat Pyari,Vijay Lakshmi Jain,/artist/vijay-lakshmi-jain,07:49,https://gaana.com//song/umrao-thari-surat-pyari
Aaja Ri Chhori Aaja,Suresh Wadkar|Anuradha Paudwal,/artist/suresh-wadkar|/artist/anuradha-paudwal-2,05:40,https://gaana.com//song/aaja-ri-chhori-aaja
Hindo Tu Hindo,Chandrani Mukherjee|Jaspal Singh,/artist/chandrani-mukherjee|/artist/jaspal-singh,07:36,https://gaana.com//song/hindo-tu-hindo
Ambey Maa,Alka Yagnik,/artist/alka-yagnik,07:45,https://gaana.com//song/ambey-maa-1
Chhaachh Biloun,Ila Arun,/artist/ila-arun,06:06,https://gaana.com//song/chhaachh-biloun
Chhail Bhanwar Ghar Aayo,Shakuntala Joshi,/artist/shakuntala-joshi,03:37,https://gaana.com//song/chhail-bhanwar-ghar-aayo
Bhar Lyaoon Re Dhola,Rajkanya Harsh,/artist/rajkanya-harsh,02:40,https://gaana.com//song/bhar-lyaoon-re-dhola
Runjhuniyo Le,Alka Yagnik|Pukhraj Purohit,/artist/alka-yagnik|/artist/pukhraj-purohit,07:11,https://gaana.com//song/runjhuniyo-le
Baba Ramdeo Ji Ri Mahima,Mahendra Kapoor,/artist/mahendra-kapoor,06:27,https://gaana.com//song/baba-ramdeo-ji-ri-mahima-1
Mero Man Ram He Ram Rate Re,Archana Saksena,/artist/archana-saksena,03:13,https://gaana.com//song/mero-man-ram-he-ram-rate-re
Ud Ud Re Mhara Kala Kagla,Mamta Singh,/artist/mamta-singh,05:07,https://gaana.com//song/ud-ud-re-mhara-kala-kagla
Gori Ne Rangay Dayoni,Bhawana Lonkar,/artist/bhawana-lonkar,05:58,https://gaana.com//song/gori-ne-rangay-dayoni
Thari Bole Jai Jaikar Gogapeer Ji,Mahendra Kapoor|Saathi,/artist/mahendra-kapoor|/artist/saathi,05:28,https://gaana.com//song/thari-bole-jai-jaikar-gogapeer-ji
Aavo Re Jinvarji Aavo,Shri Bhawar Chaudhari|Chorus,/artist/shri-bhawar-chaudhari|/artist/chorus,12:23,https://gaana.com//song/aavo-re-jinvarji-aavo-1
Jobaniye Ra Satrah Nakhra,Alka Yagnik|Pukhraj Purohit,/artist/alka-yagnik|/artist/pukhraj-purohit,03:40,https://gaana.com//song/jobaniye-ra-satrah-nakhra
Maathe Ooper Matki Gori Re Kamar Lachka Khave,A.K. Vyas,/artist/ak-vyas,05:00,https://gaana.com//song/maathe-ooper-matki-gori-re-kamar-lachka-khave
Too To Chaal Patelan,Jatin Pandit|Savita Sathi,/artist/jatin-pandit|/artist/savita-sathi-1,03:17,https://gaana.com//song/too-to-chaal-patelan
Ghudlo Ghumela Ji Ghumela,Mamta Singh,/artist/mamta-singh,03:45,https://gaana.com//song/ghudlo-ghumela-ji-ghumela
Rangeelo Chang Bajno,Rajprabha Pangadiya|Raj Bala|Radha Maheshwari,/artist/rajprabha-pangadiya|/artist/raj-bala|/artist/radha-maheshwari,05:14,https://gaana.com//song/rangeelo-chang-bajno
Mhane Borlo Garhadyoji,Asha Bhosle,/artist/asha-bhosle-1,04:02,https://gaana.com//song/mhane-borlo-garhadyoji
Chhail Bhanwar Ghar Aayo,Shakuntala Joshi,/artist/shakuntala-joshi,03:04,https://gaana.com//song/chhail-bhanwar
Rattan Rana,Allah Jilai Bai,/artist/allah-jilai-bai,09:55,https://gaana.com//song/rattan-rana
Koi Ne Piyariyo Pyaro Lage,Asha Bhosle,/artist/asha-bhosle-1,04:15,https://gaana.com//song/koi-ne-piyariyo-pyaro-lage
Loohar Ramba Mhe Jasya,Rajprabha Pangadiya|Raj Bala|Radha Maheshwari,/artist/rajprabha-pangadiya|/artist/raj-bala|/artist/radha-maheshwari,05:44,https://gaana.com//song/loohar-ramba-mhe-jasya
Ram Nam Ras Pije Re Manva,Madhvi Pendharkar,/artist/madhvi-pendharkar,05:34,https://gaana.com//song/ram-nam-ras-pije-re-manva
Main Thaare Het Re Hinde,Hariharan|Dilraj Kaur,/artist/hariharan|/artist/dilraj-kaur,05:00,https://gaana.com//song/main-thaare-het-re-hinde
Shri Ram Dev Dayal,Moolchand Maroo|Shashi Gautam,/artist/moolchand-maroo-12|/artist/shashi-gautam-3,05:54,https://gaana.com//song/shri-ram-dev-dayal-stuti
Gauri Of The Bhils,Various Artist,/artist/various-artist,02:54,https://gaana.com//song/gauri-of-the-bhils
Karmo Bai Ro Khichadlo,chandra shekhar kalla,/artist/chandra-shekhar-kalla,03:20,https://gaana.com//song/karmo-bai-ro-khichadlo
Udiyapur Si Beej,Aarti Mukherji,/artist/aarti-mukherji,01:31,https://gaana.com//song/udiyapur-si-beej
Bad Gayo Tharo Khatmal Ghagra Mein,Tejkaran Rao,/artist/tejkaran-rao,02:38,https://gaana.com//song/bad-gayo-tharo-khatmal-ghagra-mein
Ooncho To Baniyo Tharo Devro,Moolchand Maroo,/artist/moolchand-maroo-9,06:08,https://gaana.com//song/ooncho-to-baniyo-tharo-devro
Murgo Bolgayo Patelan,Master Kesarilal Gandharv,/artist/master-kesarilal-gandharv,03:05,https://gaana.com//song/murgo-bolgayo-patelan
Baisaa Ra Jatan Karo Part - I,Mukesh,/artist/mukesh,02:00,https://gaana.com//song/baisaa-ra-jatan-karo-part-i
Sammellan,Master Kesarilal Gandharv,/artist/master-kesarilal-gandharv,02:33,https://gaana.com//song/sammellan
Toot Mat Jaio Dulladi,Jahoor Master,/artist/jahoor-master,06:00,https://gaana.com//song/toot-mat-jaio-dulladi
Ro Ro Pukare Thari Radha,Asha Bhosle,/artist/asha-bhosle-1,05:04,https://gaana.com//song/ro-ro-pukare-thari-radha
Chhora Chhod Pallu,Mandhir|Savita Sathi,/artist/mandhir|/artist/savita-sathi-1,02:53,https://gaana.com//song/chhora-chhod-pallu
Jaaye Mahari,Asha Bhosle,/artist/asha-bhosle-1,07:21,https://gaana.com//song/jaaye-mahari
Aabho Tape Re Tape Chand Tara,Asha Bhosle,/artist/asha-bhosle-1,08:40,https://gaana.com//song/aabho-tape-re-tape-chand-tara
Kad Janulee Sasre,Rehana Mirza,/artist/rehana-mirza,03:29,https://gaana.com//song/kad-janulee-sasre
Moti Doongri Baje,Master Kesarilal Gandharv,/artist/master-kesarilal-gandharv,02:49,https://gaana.com//song/moti-doongri-baje
Mukut Par Wari Jau,Madhwar Pendharkar,/artist/madhwar-pendharkar,05:03,https://gaana.com//song/mukut-par-wari-jau
Dekh Jawani Thari Gordi,A.K. Vyas|Aarti Mukherji,/artist/ak-vyas|/artist/aarti-mukherji,05:00,https://gaana.com//song/dekh-jawani-thari-gordi
Mele Khele Jao Dhola,Mamta Singh,/artist/mamta-singh,04:53,https://gaana.com//song/mele-khele-jao-dhola
Piya Mharo Nyaro Hoja,Chunni Jaipuri,/artist/chunni-jaipuri-3,02:47,https://gaana.com//song/piya-mharo-nyaro-hoja
Devi Sureshvari Bhagvati Gange,Shilpi Mathur,/artist/shilpi-mathur,05:23,https://gaana.com//song/devi-sureshvari-bhagvati-gange
Hain To Aai Aai Re,Aarti Mukherji,/artist/aarti-mukherji,03:32,https://gaana.com//song/hain-to-aai-aai-re
Chaje Baitho Devario,Madna Devi Banawat|Tejkaran,/artist/madna-devi-banawat|/artist/tejkaran,02:48,https://gaana.com//song/chaje-baitho-devario
Kaat Gayo Bichhdo,Sulakshana Pandit,/artist/sulakshana-pandit,03:02,https://gaana.com//song/kaat-gayo-bichhdo
Payal Bajani,Artists of Churu|Ratannagar,/artist/artists-of-churu|/artist/ratannagar,04:52,https://gaana.com//song/payal-bajani-1
Maiya Kar De Mero Byah,Ruchi Tailang,/artist/ruchi-tailang,05:29,https://gaana.com//song/maiya-kar-de-mero-byah
Chaje Chajee,Mahendra Kapoor,/artist/mahendra-kapoor,05:00,https://gaana.com//song/chaje-chajee
Moriya Aachho,Udit Narayan|Pushpa Tirke,/artist/udit-narayan|/artist/pushpa-tirke,07:00,https://gaana.com//song/moriya-aachho-1
Gam Gai Idani,Om Pawar|Pt. Shivram Krishna,/artist/om-pawar|/artist/pt-shivram-krishna,03:05,https://gaana.com//song/gam-gai-idani-1
Vande Gopalam,Chandrani Mukherjee|Jaspal Singh,/artist/chandrani-mukherjee|/artist/jaspal-singh,04:41,https://gaana.com//song/vande-gopalam-1
Lareeyo Sa,Suresh Wadkar|Anuradha Paudwal,/artist/suresh-wadkar|/artist/anuradha-paudwal-2,06:00,https://gaana.com//song/lareeyo-sa
Meh Bina Dharti Tarse,Udit Narayan|Pushpa Tirke,/artist/udit-narayan|/artist/pushpa-tirke,05:00,https://gaana.com//song/meh-bina-dharti-tarse
Ari Behana Sawan Ki Aai H Bahar,Reeta Pant,/artist/reeta-pant,05:00,https://gaana.com//song/ari-behana-sawan-ki-aai-h-bahar
Dal Badli Ro Pani,MADHULIKA,/artist/madhulika,04:30,https://gaana.com//song/dal-badli-ro-pani
Beera Thari,Saraswati Devi|Anupama Deshpande,/artist/saraswati-devi|/artist/anupama-deshpande,06:00,https://gaana.com//song/beera-thari
Thari Puja Kara Maa,Chandrani Mukherjee,/artist/chandrani-mukherjee,05:54,https://gaana.com//song/thari-puja-kara-maa
Gokul Main Bajat Badhai,Reeta Pant,/artist/reeta-pant,07:38,https://gaana.com//song/gokul-main-bajat-badhai-1
Jatudo Batao,Kankana Banerjee,/artist/kankana-banerjee,02:03,https://gaana.com//song/jatudo-batao
Dhora Dharati Ra Tirthon Ne,Shri Bhawar Chaudhari|Chorus,/artist/shri-bhawar-chaudhari|/artist/chorus,12:50,https://gaana.com//song/dhora-dharati-ra-tirthon-ne
Aarti - Om Jai Ganga Maiya,Bhavana Lonkar|Hemant,/artist/bhavana-lonkar|/artist/hemant-1,03:38,https://gaana.com//song/aarti-om-jai-ganga-maiya
Aai Rang Rangili Holi,Hariharan|Savita Saathi,/artist/hariharan|/artist/savita-saathi,07:00,https://gaana.com//song/aai-rang-rangili-holi
Rumaal Mharo Leta Jaijo,Usha Mangeshkar|Shubhangi Joshi,/artist/usha-mangeshkar-2|/artist/shubha-joshi,06:36,https://gaana.com//song/rumaal-mharo-leta-jaijo
Mara Juna Josi,chandra shekhar kalla,/artist/chandra-shekhar-kalla,02:52,https://gaana.com//song/mara-juna-josi
Mhari Ae Mangetar,Anupama Deshpande,/artist/anupama-deshpande,05:34,https://gaana.com//song/mhari-ae-mangetar-2
Chhoro Satrah Baras Parnadi Pachchisa Ki,Mahendra Kapoor,/artist/mahendra-kapoor,04:00,https://gaana.com//song/chhoro-satrah-baras-parnadi-pachchisa-ki
Kaanch Re Kiwari,Jaspal Singh|Anupama Deshapande|Saathi,/artist/jaspal-singh|/artist/anupama|/artist/saathi,05:00,https://gaana.com//song/kaanch-re-kiwari
Na Main Radha Na Main Meera,Asha Bhosle,/artist/asha-bhosle-1,06:18,https://gaana.com//song/na-main-radha-na-main-meera-1
Thari Motar Men Baitha Le,Rehana Mirza|Gul Hassan Khan,/artist/rehana-mirza|/artist/gul-hassan-khan,03:09,https://gaana.com//song/thari-motar-men-baitha-le
Thane Dekh Dekh Hivare Mein,Chandrani Mukherjee|Utra Kelkar,/artist/chandrani-mukherjee|/artist/utra-kelkar,04:05,https://gaana.com//song/thane-dekh-dekh-hivare-mein
Baisaa Ra Jatan Karo Part - Ii,Mukesh,/artist/mukesh,01:00,https://gaana.com//song/baisaa-ra-jatan-karo-part-ii
Khetaan Re Bich Mein Kesar Ri Kyari,Ranusingh Rajpurohit,/artist/ranusingh-rajpurohit,05:00,https://gaana.com//song/khetaan-re-bich-mein-kesar-ri-kyari
Meri Nanhi Umar Hajari,Jahoor Master,/artist/jahoor-master,04:00,https://gaana.com//song/meri-nanhi-umar-hajari
Dadhi Dungi Re Sanwaria,Mamta Singh,/artist/mamta-singh,05:38,https://gaana.com//song/dadhi-dungi-re-sanwaria
Bajra Ko Choon,Babulal Roy|Dhira Ghosh,/artist/babulal-roy|/artist/dhira-ghosh,03:26,https://gaana.com//song/bajra-ko-choon
Man Me To Ganga Maat Manau,Shilpi Mathur,/artist/shilpi-mathur,06:20,https://gaana.com//song/man-me-to-ganga-maat-manau
Nimoli Manga De Re,Kavita Krishnamurthy|Shubhangi Joshi,/artist/kavita-subramaniam|/artist/shubha-joshi,07:26,https://gaana.com//song/nimoli-manga-de-re
Pancchi Ki Tarah Udd Jaaon,Chandrani Mukherjee,/artist/chandrani-mukherjee,04:48,https://gaana.com//song/pancchi-ki-tarah-udd-jaaon
Mhara Pivji Base Pardes,Pushpa Tirke,/artist/pushpa-tirke,05:00,https://gaana.com//song/mhara-pivji-base-pardes
Bhaj Man Nand Nandan Girdhari,Bhavna Lonkar,/artist/bhavna-lonkar,04:32,https://gaana.com//song/bhaj-man-nand-nandan-girdhari-1
Rudi Ne Rangili Re Mahaveer Thari,Shri Bhawar Chaudhari|Chorus,/artist/shri-bhawar-chaudhari|/artist/chorus,06:30,https://gaana.com//song/rudi-ne-rangili-re-mahaveer-thari
Baldevo Rajkumar,Sayeeda Begum,/artist/sayeeda-begum,03:09,https://gaana.com//song/baldevo-rajkumar
Braj Mandal Desh Dikha De Rasiya,Artists of Churu|Ratannagar,/artist/artists-of-churu|/artist/ratannagar,03:46,https://gaana.com//song/braj-mandal-desh-dikha-de-rasiya
Ek Chanchal Gujri Re Dadhi Bechan,Aarchana Rajimwale,/artist/aarchana-rajimwale,05:48,https://gaana.com//song/ek-chanchal-gujri-re-dadhi-bechan
Mai To Marg Bhri,Mohammad Aziz|Saathi,/artist/mohammad-aziz|/artist/saathi,05:00,https://gaana.com//song/mai-to-marg-bhri
Baisaa Ra Jatan Karo Part - Iii,Mukesh,/artist/mukesh,01:00,https://gaana.com//song/baisaa-ra-jatan-karo-part-iii
Malan Mogaro De,Mamta Singh,/artist/mamta-singh,03:43,https://gaana.com//song/malan-mogaro-de
Paryo Hai Hindola,Mamta Sing,/artist/mamta-sing,03:50,https://gaana.com//song/paryo-hai-hindola
Baajre Ke Khetaan,Anuradha Paudwal,/artist/anuradha-paudwal-2,04:00,https://gaana.com//song/baajre-ke-khetaan
Chanda Tharei Chandei,Usha Mangeshkar,/artist/usha-mangeshkar-2,04:39,https://gaana.com//song/chanda-tharei-chandei
Aapan Chalan Bada Mein,Mohan Singh Itawa|Urmila Khanna,/artist/mohan-singh-itawa|/artist/urmila-khanna,02:57,https://gaana.com//song/aapan-chalan-bada-mein
Bansi Vare Ne Gher Lai,Rita Pandey,/artist/rita-pandey,04:42,https://gaana.com//song/bansi-vare-ne-gher-lai
He Jag Trata Vishv Vidhata,Madhvi Podharkar|Archana Saksena|Archana Rajimwale,/artist/madhvi-podharkar|/artist/archana-saksena|/artist/archana-rajimwale,04:30,https://gaana.com//song/he-jag-trata-vishv-vidhata
Chhail Baga Me Ayijyo Ji,Bhawna Lonkar|Hemant Verma,/artist/bhawna-lonkar|/artist/hemant-verma,04:25,https://gaana.com//song/chhail-baga-me-ayijyo-ji
Tawada Dhimo Padjya Re,Mamta Singh,/artist/mamta-singh,04:04,https://gaana.com//song/tawada-dhimo-padjya-re
Mhari Jaagi Hai Nas Nas Aaj,Anupama Deshpande,/artist/anupama-deshpande,07:32,https://gaana.com//song/mhari-jaagi-hai-nas-nas-aaj
Sabri Ra Ber Bhi Meetha,Uttara Kelkar|Dilraj Kaur,/artist/uttara-kelkar|/artist/dilraj-kaur,05:00,https://gaana.com//song/sabri-ra-ber-bhi-meetha
Aao Ji Aao,Chandrani Mukherjee,/artist/chandrani-mukherjee,05:48,https://gaana.com//song/aao-ji-aao-5
Mai Ghumar Nachoo,Mamta Singh,/artist/mamta-singh,05:48,https://gaana.com//song/mai-ghumar-nachoo
Kagaliya Gero Gero Boleni Re,Mamta Singh,/artist/mamta-singh,03:34,https://gaana.com//song/kagaliya-gero-gero-boleni-re
Lage Vrindawan Niko,Bhawna Lonkar,/artist/bhawna-lonkar,05:18,https://gaana.com//song/lage-vrindawan-niko
Jai Jai Ganga Maiya,Bhavana Lonkar|Hemant,/artist/bhavana-lonkar|/artist/hemant-1,04:23,https://gaana.com//song/jai-jai-ganga-maiya
Laayo Re Laayo,Mohammad Aziz,/artist/mohammad-aziz,06:01,https://gaana.com//song/laayo-re-laayo
Rut Aai Re Papaiya Thare Bolan Ki,Mamta Singh,/artist/mamta-singh,03:41,https://gaana.com//song/rut-aai-re-papaiya-thare-bolan-ki-1
Maa Mhane Kyun Parnaai,Anuradha Paudwal,/artist/anuradha-paudwal-2,08:58,https://gaana.com//song/maa-mhane-kyun-parnaai
Hivade Jagi Hai Agan,Various Artist,/artist/various-artist,03:38,https://gaana.com//song/hivade-jagi-hai-agan
Sune Ri Maine Nirbal Ke Bal Ram,Archana Saksena,/artist/archana-saksena,06:15,https://gaana.com//song/sune-ri-maine-nirbal-ke-bal-ram
Samu Dekho Aadishwar,Shri Bhawar Chaudhari|Chorus,/artist/shri-bhawar-chaudhari|/artist/chorus,05:49,https://gaana.com//song/samu-dekho-aadishwar
Manro Lago Mero Yar Fakiri Mai,chandra shekhar kalla,/artist/chandra-shekhar-kalla,03:08,https://gaana.com//song/manro-lago-mero-yar-fakiri-mai
Mhari Hathelya Re Beech,Mamta Singh,/artist/mamta-singh,06:16,https://gaana.com//song/mhari-hathelya-re-beech
Yo Sansaar Ajab Hai Re Bhai,Chandru Atma,/artist/chandru-atma,07:57,https://gaana.com//song/yo-sansaar-ajab-hai-re-bhai
Shake Maskan Hare Tani,Jahoor Master,/artist/jahoor-master,06:00,https://gaana.com//song/shake-maskan-hare-tani
Fesan Helo Deti Ghusagi,Hanuman Sahay,/artist/hanuman-sahay,02:45,https://gaana.com//song/fesan-helo-deti-ghusagi
Kathe  Se Aayee Soonth,Mamta Singh,/artist/mamta-singh,04:17,https://gaana.com//song/kathe-se-aayee-soonth-1
Baalam Chhoto So,Suresh Wadkar|Sadhana Sargam,/artist/suresh-wadkar|/artist/sadhana-sargam-1,05:32,https://gaana.com//song/baalam-chhoto-so-2
Prabhuji Tum Chandan Hum Pani,Bhavna Lonkar,/artist/bhavna-lonkar,05:03,https://gaana.com//song/prabhuji-tum-chandan-hum-pani-12
He Tange Wala Bhaya,Sayeeda Begum,/artist/sayeeda-begum,03:23,https://gaana.com//song/he-tange-wala-bhaya
Holi Aayi Re,Chandrani Mukherjee|Suresh Wadkar,/artist/chandrani-mukherjee|/artist/suresh-wadkar,06:12,https://gaana.com//song/holi-aayi-re-3
Bhabhi Thaari Mamta Upar,Suresh Wadkar|Jayshree,/artist/suresh-wadkar|/artist/jayshree,04:00,https://gaana.com//song/bhabhi-thaari-mamta-upar
Jagi Re Sab Rain Bihani,Anuradha Parkash,/artist/anuradha-parkash,04:57,https://gaana.com//song/jagi-re-sab-rain-bihani
Parshwa Prabhuji Mare Bele,Shri Bhawar Chaudhari|Chorus,/artist/shri-bhawar-chaudhari|/artist/chorus,04:18,https://gaana.com//song/parshwa-prabhuji-mare-bele
Tum Meri Rakho Laj Hari,Bhavna Lonkar,/artist/bhavna-lonkar,05:34,https://gaana.com//song/tum-meri-rakho-laj-hari
Gangoriya Re Mele Paili,Rajprabha Pangadiya,/artist/rajprabha-pangadiya,05:25,https://gaana.com//song/gangoriya-re-mele-paili
Maro Roop Se Jalvo,Suresh Wadkar|Jayshree,/artist/suresh-wadkar|/artist/jayshree,07:00,https://gaana.com//song/maro-roop-se-jalvo
Doro Sanohe Het Ro,Archana Rajimwale,/artist/archana-rajimwale,03:26,https://gaana.com//song/doro-sanohe-het-ro
Main Beti Tehsildar Ri Tu Chhoro Thanedar Ro,Pushpa Tirke|A.K. Vyas,/artist/pushpa-tirke|/artist/ak-vyas,04:00,https://gaana.com//song/main-beti-tehsildar-ri-tu-chhoro-thanedar-ro
Gora Gora Gaal,Suresh Wadkar|Hemlata,/artist/suresh-wadkar|/artist/hemlata,05:48,https://gaana.com//song/gora-gora-gaal-11
Naven Zamane Ri Chhori Mhare Paale Padgi,A.K. Vyas|Sumitra Lehri,/artist/ak-vyas|/artist/sumitra-lehri-1,03:00,https://gaana.com//song/naven-zamane-ri-chhori-mhare-paale-padgi
Manakha Thoon Kyon Bhulyo Re,Shri Bhawar Chaudhari|Chorus,/artist/shri-bhawar-chaudhari|/artist/chorus,06:21,https://gaana.com//song/manakha-thoon-kyon-bhulyo-re
Jadoo Darayo Re Suva Pe,Mamta Singh,/artist/mamta-singh,04:21,https://gaana.com//song/jadoo-darayo-re-suva-pe
Rupaiya Ke Lobhi Ne Budhe Ko Byahi,Jahoor Master,/artist/jahoor-master,06:00,https://gaana.com//song/rupaiya-ke-lobhi-ne-budhe-ko-byahi
Maati Helo Paare Re,Satish,/artist/satish,05:08,https://gaana.com//song/maati-helo-paare-re
Mane Naidi Ro Bulaye,Suresh Wadkar|Jayshree,/artist/suresh-wadkar|/artist/jayshree,06:00,https://gaana.com//song/mane-naidi-ro-bulaye
Mela Sagla Rajasthan Ra,Anuradha Paudwal|Ranusingh Rajpurohit,/artist/anuradha-paudwal-2|/artist/ranusingh-rajpurohit,06:00,https://gaana.com//song/mela-sagla-rajasthan-ra
Redli Padi Padi Gururavegi,Jahoor Master,/artist/jahoor-master,04:00,https://gaana.com//song/redli-padi-padi-gururavegi
Chhaliya Nand Ko Ri,Rita Pandey,/artist/rita-pandey,05:40,https://gaana.com//song/chhaliya-nand-ko-ri
Mhari Preet Nibhajyo Ji,Bhawna Lonkar,/artist/bhawna-lonkar,06:15,https://gaana.com//song/mhari-preet-nibhajyo-ji-1
Houji Dhola Re,Usha Mangeshkar,/artist/usha-mangeshkar-2,06:01,https://gaana.com//song/houji-dhola-re
Bhari Jawani Gauri Rang,Raj Bhora|Anupama Deshpande,/artist/raj-bhora|/artist/anupama-deshpande,06:00,https://gaana.com//song/bhari-jawani-gauri-rang
Na Hoti Preet Aa,Hariharan|Savita Saathi,/artist/hariharan|/artist/savita-saathi,04:00,https://gaana.com//song/na-hoti-preet-aa
Udati Kurjaliyan,Artists of Churu|Ratannagar,/artist/artists-of-churu|/artist/ratannagar,07:06,https://gaana.com//song/udati-kurjaliyan
Pati Parameshwar,Hemlata,/artist/hemlata,05:52,https://gaana.com//song/pati-parameshwar
Mat Masu Kar Takraar,Suresh Wadkar|Anupama Deshpande,/artist/suresh-wadkar|/artist/anupama-deshpande,06:17,https://gaana.com//song/mat-masu-kar-takraar
Ganga Tumhari Saanch Badai,Shilpi Mathur,/artist/shilpi-mathur,03:49,https://gaana.com//song/ganga-tumhari-saanch-badai
Nijaria Lag Jaweli,Tejkaran Rao,/artist/tejkaran-rao,02:58,https://gaana.com//song/nijaria-lag-jaweli
Sun Radha,Suresh Wadkar|Hemlata,/artist/suresh-wadkar|/artist/hemlata,06:15,https://gaana.com//song/sun-radha
Ghadala Dub Jyare,Artists of Churu|Ratannagar,/artist/artists-of-churu|/artist/ratannagar,03:03,https://gaana.com//song/ghadala-dub-jyare
Lawaar Jivada Rai,Aarti Mukherji,/artist/aarti-mukherji,06:00,https://gaana.com//song/lawaar-jivada-rai
Jogiya Kab Re Miloge Aay,Bhawna Lonkar,/artist/bhawna-lonkar,05:09,https://gaana.com//song/jogiya-kab-re-miloge-aay-1
Tero Jobun Aise Lut Gayo,Jahoor Master,/artist/jahoor-master,08:00,https://gaana.com//song/tero-jobun-aise-lut-gayo
Puradi Chaal Gayi,Jahoor Master,/artist/jahoor-master,05:00,https://gaana.com//song/puradi-chaal-gayi
Halkaraji Jatan Karo,A.K. Vyas|Pushpa Tirke,/artist/ak-vyas|/artist/pushpa-tirke,05:00,https://gaana.com//song/halkaraji-jatan-karo
Mujron Kabool Karliyon,Suresh Wadkar|Deepmala,/artist/suresh-wadkar|/artist/deepmala,06:41,https://gaana.com//song/mujron-kabool-karliyon
Sundar Gori Yun Mat Maar,A.K. Vyas,/artist/ak-vyas,05:00,https://gaana.com//song/sundar-gori-yun-mat-maar
Ganga Patitan Ko Aadhar,Bhavana Lonkar,/artist/bhavana-lonkar,04:28,https://gaana.com//song/ganga-patitan-ko-aadhar
Jai Ganga Jai Jai Jag Janani,Bhavana Lonkar|Hemant,/artist/bhavana-lonkar|/artist/hemant-1,04:20,https://gaana.com//song/jai-ganga-jai-jai-jag-janani
Mhane Chadiyo Re Choguno Chaav,Aarti Mukherji,/artist/aarti-mukherji,05:00,https://gaana.com//song/mhane-chadiyo-re-choguno-chaav
Kaali Chhint Ko,Usha Mangeshkar|A.K. Vyas,/artist/usha-mangeshkar-2|/artist/ak-vyas,04:00,https://gaana.com//song/kaali-chhint-ko
Kun Mari Pichkari,MADHULIKA,/artist/madhulika,04:04,https://gaana.com//song/kun-mari-pichkari
Bhajo Re Bhai Ram Govind Hari,Bhavna Lonkar,/artist/bhavna-lonkar,05:04,https://gaana.com//song/bhajo-re-bhai-ram-govind-hari
Mhari Chunadi Mein Jadwaay Dayo,Anupama Deshpande,/artist/anupama-deshpande,03:56,https://gaana.com//song/mhari-chunadi-mein-jadwaay-dayo
Sajna Chhin Chhin Balu,Jaishree,/artist/jaishree,04:00,https://gaana.com//song/sajna-chhin-chhin-balu
Mane Tharo He Aasro,Various Artist,/artist/various-artist,06:30,https://gaana.com//song/mane-tharo-he-aasro
Jai Ambe Jai Gange,Bhavana Lonkar|Hemant,/artist/bhavana-lonkar|/artist/hemant-1,04:47,https://gaana.com//song/jai-ambe-jai-gange
Uncha Rana Ji Ra Gokhda,Mamta Singh,/artist/mamta-singh,03:05,https://gaana.com//song/uncha-rana-ji-ra-gokhda
Awat Mori Galiyan Me Girdhari,Bhawna Lonkar,/artist/bhawna-lonkar,06:02,https://gaana.com//song/awat-mori-galiyan-me-girdhari
Mhane Lyado Ni Badila Dhola,Shilpi Mathur,/artist/shilpi-mathur,04:26,https://gaana.com//song/mhane-lyado-ni-badila-dhola
Chudi Pairaayede Ratai Rangri,Anupama Deshpande,/artist/anupama-deshpande,04:00,https://gaana.com//song/chudi-pairaayede-ratai-rangri
Mharo Joban Nakhralo Julmi,Anuradha Paudwal,/artist/anuradha-paudwal-2,04:00,https://gaana.com//song/mharo-joban-nakhralo-julmi
Thoro So Hat Ja Lal Ji,Sayeeda Begum,/artist/sayeeda-begum,02:46,https://gaana.com//song/thoro-so-hat-ja-lal-ji
Sajan Sau Kausa Re Doori,Vijay Lakshmi Jain|A. K. Vyas,/artist/vijay-lakshmi-jain|/artist/a-k-vyas,06:17,https://gaana.com//song/sajan-sau-kausa-re-doori
Mata Thare Dyar Aayenai,Saraswati Devi,/artist/saraswati-devi,05:00,https://gaana.com//song/mata-thare-dyar-aayenai
Mahari Saamli Haveli,A. K. Vyas|Madhu Tiwari,/artist/a-k-vyas|/artist/madhu-tiwari,05:43,https://gaana.com//song/mahari-saamli-haveli
Gauri Tharai Peev Row,Usha Mangeshkar,/artist/usha-mangeshkar-2,06:00,https://gaana.com//song/gauri-tharai-peev-row
Manihara,Sayeeda Begum,/artist/sayeeda-begum,03:06,https://gaana.com//song/manihara
Phagan Ayo Phaganiyo Rangade,Mamta Singh,/artist/mamta-singh,04:11,https://gaana.com//song/phagan-ayo-phaganiyo-rangade
Jiro To Gero Bajyo,Mamta Singh,/artist/mamta-singh,05:33,https://gaana.com//song/jiro-to-gero-bajyo
Udiyo Re Udiyo,Mamta Singh,/artist/mamta-singh,04:50,https://gaana.com//song/udiyo-re-udiyo-5
Teeki Paatragi(Loor),Vijay Lakshmi Jain,/artist/vijay-lakshmi-jain,05:36,https://gaana.com//song/teeki-paatragiloor
Sun E Ambe,Raj Bhora|Saathi|Aarti Mukherji,/artist/raj-bhora|/artist/saathi|/artist/aarti-mukherji,07:00,https://gaana.com//song/sun-e-ambe
Chakar Rakhoji,Bhawna Lonkar,/artist/bhawna-lonkar,05:19,https://gaana.com//song/chakar-rakhoji
Mope Jabaran Rang Diyo Daar,Vandna Tailang,/artist/vandna-tailang,03:59,https://gaana.com//song/mope-jabaran-rang-diyo-daar
Music,Vishwanath,/artist/vishwanath,00:27,https://gaana.com//song/music-570
Koi Kachhu Kahe Man Laga,Bhawna Lonkar,/artist/bhawna-lonkar,04:52,https://gaana.com//song/koi-kachhu-kahe-man-laga
Ud Re Suwa To Pachrangiya,Mamta Singh,/artist/mamta-singh,05:31,https://gaana.com//song/ud-re-suwa-to-pachrangiya
Liyo Ri Govindo Mole,Bhawna Lonkar,/artist/bhawna-lonkar,06:09,https://gaana.com//song/liyo-ri-govindo-mole
Na Hoti Preet Aa,Savita Saathi,/artist/savita-saathi,02:00,https://gaana.com//song/na-hoti-preet-aa-1
Mandir Mein Maujaan Uden,Raj Bhora,/artist/raj-bhora,05:41,https://gaana.com//song/mandir-mein-maujaan-uden
Mathe Ne Memad Pero,Madhulika Mathur,/artist/madhulika-mathur,06:04,https://gaana.com//song/mathe-ne-memad-pero
Me Girdhar Rang Raati,Bhawna Lonkar,/artist/bhawna-lonkar,05:47,https://gaana.com//song/me-girdhar-rang-raati
Peehar Tharo Barvada,Tejkaran Rao,/artist/tejkaran-rao,03:02,https://gaana.com//song/peehar-tharo-barvada
Jeero Torh Lai Re,Tejkaran Rao,/artist/tejkaran-rao,02:03,https://gaana.com//song/jeero-torh-lai-re
Gori Ne Rangay Dyo Ni,Bhawna Lonkar,/artist/bhawna-lonkar,05:58,https://gaana.com//song/gori-ne-rangay-dyo-ni
Pomcho Leta Ayijyo Ji,Shilpi Mathur,/artist/shilpi-mathur,04:26,https://gaana.com//song/pomcho-leta-ayijyo-ji
